ALBERT_EINSTEIN	CONOCIDO_POR	TEORÍA_DE_LA_RELATIVIDADEFECTO_FOTOELÉCTRICO
ALBERT_EINSTEIN	CONYUGE_DE	#INVOKE:LISTAS
ALBERT_EINSTEIN	HIJO_DE	#INVOKE:LISTAS
ALBERT_EINSTEIN	MIEMBRO_DE	LISTA_DESPLEGABLE
ALBERT_EINSTEIN	NACIONALIDAD	#INVOKE:LISTAS
ALBERT_EINSTEIN	OCUPACION	FÍSICO_TEÓRICO_MATEMÁTICO_DIPLOMÁTICO_PROFESOR
ALBERT_EINSTEIN	PREMIO	PREMIO_NOBEL_DE_FÍSICA
ALEMANIA	CAPITAL	ESCUDO2
ALEMANIA	CIUDAD_MÁS_POBLADA	ESCUDO2
ALEMANIA	CODIGO_ISO	276_/_DEU_/_DE
ALEMANIA	CREADO_POR	CIA
ALEMANIA	EDITORIAL	FONDO_MONETARIO_INTERNACIONAL
ALEMANIA	EDITORIAL	VERLAG_W._KOHLHAMMER
ALEMANIA	FRONTERA_CON	3&NBSP;714&NBSP;
ALEMANIA	IDIOMA	ALEMÁN
ALEMANIA	IDIOMA	DE
ALEMANIA	IDIOMA	EN
ALEMANIA	IDIOMA	INGLÉS
ALEMANIA	LEMA_NACIONAL	EINIGKEIT_UND_RECHT_UND_FREIHEITCITA_LIBRO
ALEMANIA	PREFIJO_RADIOFÓNICO	DAA-DRZ
ALEMANIA	PREFIJO_RADIOFÓNICO	Y2A-Y9Z
ARABIA_SAUDITA	CAPITAL	RIAD
ARABIA_SAUDITA	CIUDAD_MÁS_POBLADA	RIAD
ARABIA_SAUDITA	CODIGO_ISO	682/SAU/SA
ARABIA_SAUDITA	CREADO_POR	CIA
ARABIA_SAUDITA	CREADO_POR	OUR_WORLD_IN_DATA
ARABIA_SAUDITA	EDITORIAL	CENTRAL_INTELLIGENCE_AGENCY
ARABIA_SAUDITA	EDITORIAL	G-20
ARABIA_SAUDITA	EDITORIAL	ORGANIZACIÓN_DE_LAS_NACIONES_UNIDAS
ARABIA_SAUDITA	FRONTERA_CON	4431_KM
ARABIA_SAUDITA	GENTILICIO	SAUDÍSAUDITA
ARABIA_SAUDITA	GOBIERNO	MONARQUÍA_ABSOLUTA
ARABIA_SAUDITA	IDIOMA	INGLÉS
ARABIA_SAUDITA	LEMA_NACIONAL	LANG
ARGENTINA	CAPITAL	BUENOS_AIRES
ARGENTINA	CIUDAD_MÁS_POBLADA	BUENOS_AIRES
ARGENTINA	CODIGO_ISO	032/ARG/AR
ARGENTINA	CREADO_POR	CIA
ARGENTINA	CREADO_POR	FONDO_MONETARIO_INTERNACIONAL
ARGENTINA	CREADO_POR	LUCIANO
ARGENTINA	CREADO_POR	PEZZANO
ARGENTINA	CREADO_POR	UNIÓN_INTERNACIONAL_DE_TELECOMUNICACIONES
ARGENTINA	EDITORIAL	FONDO_MONETARIO_INTERNACIONAL
ARGENTINA	EDITORIAL	MINISTERIO_DE_ECONOMÍA-INDEC
ARGENTINA	FRONTERA_CON	UNIDAD
ARGENTINA	IDIOMA	EN
ARGENTINA	IDIOMA	INGLÉS
ARGENTINA	PREFIJO_RADIOFÓNICO	AYA-AZZ
ARGENTINA	PREFIJO_RADIOFÓNICO	L2A-L9ZCITA_WEB
ARGENTINA	PREFIJO_RADIOFÓNICO	LOA-LWZ
AUSTRALIA	CAPITAL	CAMBERRACITA_WEB
AUSTRALIA	CIUDAD_MÁS_POBLADA	SÍDNEYREFN
AUSTRALIA	CREADO_POR	CIA
AUSTRALIA	CREADO_POR	DEPARTAMENTO_DEL_PRIMER_MINISTRO_Y_DEL_GABINETE
AUSTRALIA	CREADO_POR	GOBIERNO_DE_AUSTRALIA
AUSTRALIA	CREADO_POR	OFICINA_AUSTRALIANA_DE_ESTADÍSTICA
AUSTRALIA	EDITORIAL	BANCO_MUNDIAL
AUSTRALIA	FRONTERA_CON	0_KM
AUSTRALIA	FUNDADO_EN	INDEPENDENCIA
AUSTRALIA	GENTILICIO	-A
AUSTRALIA	GENTILICIO	AUSTRALIANO
AUSTRALIA	GOBIERNO	MONARQUÍA_CONSTITUCIONAL
AUSTRALIA	IDIOMA	CASTELLANO
AUSTRALIA	IDIOMA	EN
AUSTRALIA	IDIOMA	EN_EL_INGLÉS_NO_TIENE_ESTATUS_DE_IURE
AUSTRALIA	IDIOMA	INGLÉS
AUSTRALIA	MIEMBRO_DE	APEC
AUSTRALIA	MIEMBRO_DE	AUKUS
AUSTRALIA	MIEMBRO_DE	BERD
AUSTRALIA	MIEMBRO_DE	MANCOMUNIDAD_DE_NACIONES
AUSTRALIA	MIEMBRO_DE	OCDE
AUSTRALIA	MIEMBRO_DE	ONU
AUSTRALIA	MIEMBRO_DE	PIF
AUSTRALIA	MIEMBRO_DE	UKUSA
AUSTRALIA	PREFIJO_RADIOFÓNICO	AXA-AXZ/VHA-VNZ/VZA-VZZ
AUSTRIA	CAPITAL	VIENA
AUSTRIA	CIUDAD_MÁS_POBLADA	VIENA
AUSTRIA	CODIGO_ISO	040/AUT/AT
AUSTRIA	CREADO_POR	CIA
AUSTRIA	EDITORIAL	EUROSTAT
AUSTRIA	FRONTERA_CON	2&NBSP;524
AUSTRIA	GOBIERNO	REPÚBLICA_FEDERAL
AUSTRIA	IDIOMA	EN
AUSTRIA	IDIOMA	INGLÉS
AUSTRIA	MONEDA	EURO_REF_DE_FICHA
AUSTRIA	PREFIJO_RADIOFÓNICO	OEA-OEZ
BELICE	CAPITAL	BELMOPÁN
BELICE	CIUDAD_MÁS_POBLADA	CIUDAD_DE_BELICECOORD
BELICE	CODIGO_ISO	084_/_BLZ_/_BZ
BELICE	CREADO_POR	CIA
BELICE	CREADO_POR	INEGI
BELICE	FRONTERA_CON	542
BELICE	FUNDADO_EN	INDEPENDENCIA
BELICE	GENTILICIO	-ACITA_DLE
BELICE	GENTILICIO	BELICEÑO
BELICE	GOBIERNO	MONARQUÍA_CONSTITUCIONAL
BELICE	IDIOMA	INGLÉS
BELICE	MIEMBRO_DE	CARICOM
BELICE	MIEMBRO_DE	MANCOMUNIDAD_DE_NACIONES
BELICE	MIEMBRO_DE	OEA
BELICE	MIEMBRO_DE	ONU
BELICE	PREFIJO_RADIOFÓNICO	V3A-V3Z
BERNARDO_O'HIGGINS	MIEMBRO_DE	LOGIA_LAUTARO
BERNARDO_O'HIGGINS	OCUPACION	MILITAR
BERNARDO_O'HIGGINS	OCUPACION	POLÍTICO_Y_ESCRITOR
BERNARDO_O'HIGGINS	PREMIO	LEGIÓN_DE_MÉRITO_DE_CHILE
BILL_GATES	CONYUGE_DE	MATRIMONIO
BILL_GATES	HIJO_DE	JENNIFER_KATHARINE
BILL_GATES	PADRE_DE	BILL_GATES_SR.MARY_MAXWELL
BOLIVIA	CODIGO_ISO	068/BOL/BO
BOLIVIA	CREADO_POR	CIA
BOLIVIA	EDITORIAL	BANCO_MUNDIAL
BOLIVIA	FRONTERA_CON	7252
BOLIVIA	FUNDADO_EN	INDEPENDENCIA
BOLIVIA	GOBIERNO	ESTADO_PLURINACIONAL
BOLIVIA	IDIOMA	INGLÉS
BOLIVIA	LEMA_NACIONAL	LA_UNIÓN_ES_LA_FUERZA
BOLIVIA	PREFIJO_RADIOFÓNICO	CPA-CPZ
BRASIL	CAPITAL	BRASILIA
BRASIL	CIUDAD_MÁS_POBLADA	SÃO_PAULO
BRASIL	CODIGO_ISO	076/BRA/BR
BRASIL	CREADO_POR	CIA
BRASIL	CREADO_POR	UNIÓN_INTERNACIONAL_DE_TELECOMUNICACIONES
BRASIL	EDITORIAL	BANCO_MUNDIAL
BRASIL	EDITORIAL	PNUD
BRASIL	FRONTERA_CON	16&NBSP;145
BRASIL	IDIOMA	EN
BRASIL	IDIOMA	INGLÉS
BRASIL	IDIOMA	PT
BRASIL	IDIOMA	PT-BR
BRASIL	PREFIJO_RADIOFÓNICO	PPA-PYZ
BRASIL	PREFIJO_RADIOFÓNICO	ZVA-ZZZCITA_WEB
BULGARIA	CAPITAL	SOFÍA
BULGARIA	CIUDAD_MÁS_POBLADA	SOFÍA
BULGARIA	CODIGO_ISO	100_/_BGR_/_BG
BULGARIA	CREADO_POR	CIA
BULGARIA	FRONTERA_CON	1806
BULGARIA	GOBIERNO	REPÚBLICA_PARLAMENTARIA
BULGARIA	IDIOMA	INGLÉS
BULGARIA	MIEMBRO_DE	EUROZONA
BULGARIA	PREFIJO_RADIOFÓNICO	LZA-LZZ
BÉLGICA	CODIGO_ISO	056/BEL/BE
BÉLGICA	CREADO_POR	CIA
BÉLGICA	CREADO_POR	FONDO_MONETARIO_INTERNACIONAL
BÉLGICA	EDITORIAL	EUROSTAT
BÉLGICA	FRONTERA_CON	1297&NBSP;
BÉLGICA	GOBIERNO	MONARQUÍA_CONSTITUCIONAL_PARLAMENTARIA_FEDERAL
BÉLGICA	IDIOMA	EN
BÉLGICA	IDIOMA	INGLÉS
BÉLGICA	MONEDA	EUROREF_DE_FICHA
BÉLGICA	PREFIJO_RADIOFÓNICO	ONA-OTZ
CANADÁ	CAPITAL	ONTARIO.SVG
CANADÁ	CAPITAL	OTTAWA
CANADÁ	CIUDAD_MÁS_POBLADA	TORONTO
CANADÁ	CODIGO_ISO	124/CAN/CA
CANADÁ	CREADO_POR	OUR_WORLD_IN_DATA
CANADÁ	EDITORIAL	FONDO_MONETARIO_INTERNACIONAL
CANADÁ	FRONTERA_CON	8893
CANADÁ	FUNDADO_EN	INDEPENDENCIA
CANADÁ	GOBIERNO	MONARQUÍA_PARLAMENTARIA
CANADÁ	IDIOMA	INGLÉS
CANADÁ	MIEMBRO_DE	MANCOMUNIDAD_DE_NACIONES
CANADÁ	MIEMBRO_DE	USMCA
CANADÁ	PREFIJO_RADIOFÓNICO	CFA-CKZ
CANADÁ	PREFIJO_RADIOFÓNICO	CYA-CZZ
CANADÁ	PREFIJO_RADIOFÓNICO	VAA-VGZ
CANADÁ	PREFIJO_RADIOFÓNICO	VOA-VOZ
CANADÁ	PREFIJO_RADIOFÓNICO	VXA-VYZ
CANADÁ	PREFIJO_RADIOFÓNICO	XJA-XOZ
CHILE	CODIGO_ISO	152/CHL/CLCITA_WEB
CHILE	CREADO_POR	AGENCIA_CENTRAL_DE_INTELIGENCIA
CHILE	CREADO_POR	EXCHANGERATE.COM
CHILE	CREADO_POR	FONDO_MONETARIO_INTERNACIONAL
CHILE	CREADO_POR	ORGANIZACIÓN_DE_AVIACIÓN_CIVIL_INTERNACIONAL
CHILE	CREADO_POR	UNIÓN_INTERNACIONAL_DE_TELECOMUNICACIONES
CHILE	EDITORIAL	EUROPLATE
CHILE	EDITORIAL	IMPRENTA_NACIONAL
CHILE	FRONTERA_CON	7801&NBSP;KMCITA_WEB
CHILE	GENTILICIO	-NACITA_DLE
CHILE	GENTILICIO	CHILENO
CHILE	GOBIERNO	REPÚBLICA
CHILE	IDIOMA	EN
CHILE	IDIOMA	INGLÉS
CHILE	LEMA_NACIONAL	POR_LA_RAZÓN_O_LA_FUERZA
CHILE	PREFIJO_RADIOFÓNICO	3GA-3GZ
CHILE	PREFIJO_RADIOFÓNICO	CAA-CEZ
CHILE	PREFIJO_RADIOFÓNICO	XQA-XRZCITA_WEB
CHILE	TIPO	HTML
CHILE	TIPO	PDF
COLOMBIA	CAPITAL	BOGOTÁ
COLOMBIA	CIUDAD_MÁS_POBLADA	BOGOTÁ
COLOMBIA	CODIGO_ISO	170/COL/CO
COLOMBIA	CREADO_POR	CIA
COLOMBIA	EDITORIAL	BANCO_MUNDIAL
COLOMBIA	EDITORIAL	PRESIDENCIA_DE_LA_REPÚBLICA_DE_COLOMBIA
COLOMBIA	FRONTERA_CON	6672
COLOMBIA	GOBIERNO	REPÚBLICA
COLOMBIA	LEMA_NACIONAL	LIBERTAD_Y_ORDEN
COLOMBIA	MONEDA	PESO_COLOMBIANO
COLOMBIA	PREFIJO_RADIOFÓNICO	5JA-5KZ
COLOMBIA	PREFIJO_RADIOFÓNICO	HJA-HKZ
COREA_DEL_SUR	CAPITAL	SEÚL
COREA_DEL_SUR	CIUDAD_MÁS_POBLADA	SEÚL
COREA_DEL_SUR	CODIGO_ISO	410/KOR/KR
COREA_DEL_SUR	CREADO_POR	FAO
COREA_DEL_SUR	CREADO_POR	FONDO_MONETARIO_INTERNACIONAL
COREA_DEL_SUR	FRONTERA_CON	248_KM_EN_TOTAL_•_248KM_AL_NORTE_CON
COREA_DEL_SUR	GOBIERNO	REPÚBLICA
COREA_DEL_SUR	IDIOMA	INGLÉS
COREA_DEL_SUR	PREFIJO_RADIOFÓNICO	6KA-6NZ
COREA_DEL_SUR	PREFIJO_RADIOFÓNICO	D7A-D9Z
COREA_DEL_SUR	PREFIJO_RADIOFÓNICO	DSA-DTZ
COREA_DEL_SUR	PREFIJO_RADIOFÓNICO	HLA-HLZ
COSTA_RICA	CODIGO_ISO	188_/_CRI_/_CR
COSTA_RICA	CREADO_POR	FONDO_MONETARIO_INTERNACIONAL
COSTA_RICA	CREADO_POR	UNIÓN_INTERNACIONAL_DE_TELECOMUNICACIONES
COSTA_RICA	EDITORIAL	INEC
COSTA_RICA	EDITORIAL	OCDE
COSTA_RICA	FRONTERA_CON	516
COSTA_RICA	FUNDADO_EN	INDEPENDENCIA
COSTA_RICA	IDIOMA	EN
COSTA_RICA	IDIOMA	ES
COSTA_RICA	IDIOMA	INGLÉS
COSTA_RICA	LEMA_NACIONAL	¡VIVAN_SIEMPRE_EL_TRABAJO_Y_LA_PAZ!
COSTA_RICA	PREFIJO_RADIOFÓNICO	TEA-TEZ
COSTA_RICA	PREFIJO_RADIOFÓNICO	TIA-TIZCITA_WEB
CROACIA	CAPITAL	ZAGREB
CROACIA	CIUDAD_MÁS_POBLADA	ZAGREB
CROACIA	CODIGO_ISO	191/HRV/HR
CROACIA	CREADO_POR	CIA
CROACIA	FRONTERA_CON	2237&NBSP;
CROACIA	GOBIERNO	REPÚBLICA_PARLAMENTARIA
CROACIA	IDIOMA	INGLÉS
CROACIA	MIEMBRO_DE	EUROMED
CROACIA	MIEMBRO_DE	EUROZONA
CROACIA	PREFIJO_RADIOFÓNICO	9AA-9AZ
CUBA	CAPITAL	LA_HABANA
CUBA	CIUDAD_MÁS_POBLADA	LA_HABANA
CUBA	CODIGO_ISO	192_/_CUB_/_CU
CUBA	CREADO_POR	CIA
CUBA	CREADO_POR	DIANA_HERNÁNDEZ
CUBA	CREADO_POR	OFICINA_NACIONAL_DE_ESTADÍSTICAS_E_INFORMACIÓN
CUBA	CREADO_POR	OFICINA_NACIONAL_DE_ESTADÍSTICA_E_INFORMACIÓN
CUBA	EDITORIAL	CENTRO_DE_ESTUDIOS_DE_POBLACIÓN_Y_DESARROLLO
CUBA	FORMATO	PDF
CUBA	FRONTERA_CON	ESD
CUBA	IDIOMA	ES
CUBA	IDIOMA	INGLÉS
CUBA	LEMA_NACIONAL	¡PATRIA_O_MUERTE!
CUBA	PREFIJO_RADIOFÓNICO	CLA-CMZ_/_T4A-T4Z_/_COA-COZ
ECUADOR	CODIGO_ISO	218/ECU/EC
ECUADOR	CREADO_POR	FONDO_MONETARIO_INTERNACIONAL
ECUADOR	EDITORIAL	INSTITUTO_NACIONAL_DE_ESTADÍSTICA_Y_CENSOS
ECUADOR	FRONTERA_CON	ESD
ECUADOR	GENTILICIO	-NA
ECUADOR	GENTILICIO	ECUATORIANO
ECUADOR	GOBIERNO	REPÚBLICA
ECUADOR	IDIOMA	INGLÉS
ECUADOR	LEMA_NACIONAL	DIOS
ECUADOR	LEMA_NACIONAL	PATRIA_Y_LIBERTAD
ECUADOR	PREFIJO_RADIOFÓNICO	HCA-HDZ
EGIPTO	CAPITAL	EL_CAIRO
EGIPTO	CIUDAD_MÁS_POBLADA	EL_CAIRO
EGIPTO	CODIGO_ISO	818_/_EGY_/_EG
EGIPTO	CREADO_POR	CIA
EGIPTO	CREADO_POR	OUR_WORLD_IN_DATA
EGIPTO	FRONTERA_CON	2612&NBSP;
EGIPTO	GENTILICIO	-ADRAE
EGIPTO	GENTILICIO	-AEGIPCIANO
EGIPTO	GENTILICIO	EGIPCIO
EGIPTO	GOBIERNO	REPÚBLICA
EGIPTO	IDIOMA	INGLÉS
EGIPTO	MIEMBRO_DE	ONU
EGIPTO	MONEDA	ج.م
EGIPTO	PREFIJO_RADIOFÓNICO	6AA-6BZ
EGIPTO	PREFIJO_RADIOFÓNICO	SSA-SSM
EGIPTO	PREFIJO_RADIOFÓNICO	SUA-SUZ
EL_SALVADOR	CAPITAL	SAN_SALVADOR
EL_SALVADOR	CIUDAD_MÁS_POBLADA	SAN_SALVADOR
EL_SALVADOR	CODIGO_ISO	222/SLV/SV
EL_SALVADOR	CREADO_POR	CIA
EL_SALVADOR	CREADO_POR	UNIÓN_INTERNACIONAL_DE_TELECOMUNICACIONES
EL_SALVADOR	EDITORIAL	EDITORIAL_UNIVERSITARIA_UES
EL_SALVADOR	FRONTERA_CON	590&NBSP;KM_TOTAL•_391&NBSP;KM_CON_•_199&NBSP;KM_CON
EL_SALVADOR	GENTILICIO	-A
EL_SALVADOR	GENTILICIO	-ACUSCATLECO
EL_SALVADOR	GENTILICIO	SALVADOREÑO
EL_SALVADOR	GOBIERNO	REPÚBLICA
EL_SALVADOR	IDIOMA	EN
EL_SALVADOR	IDIOMA	INGLÉS
EL_SALVADOR	LEMA_NACIONAL	DIOS
EL_SALVADOR	LEMA_NACIONAL	LIBERTAD
EL_SALVADOR	LEMA_NACIONAL	UNIÓN
EL_SALVADOR	PREFIJO_RADIOFÓNICO	HUA-HUZ
EL_SALVADOR	PREFIJO_RADIOFÓNICO	YSA-YSZCITA_WEB
ESPAÑA	CAPITAL	ESCUDO2
ESPAÑA	CIUDAD_MÁS_POBLADA	ESCUDO2
ESPAÑA	CODIGO_ISO	724/ESP/ESREFN
ESPAÑA	CREADO_POR	BARTOLOMÉ_PÉREZ
ESPAÑA	CREADO_POR	INSTITUTO_NACIONAL_DE_ESTADÍSTICA_DE_ESPAÑA
ESPAÑA	CREADO_POR	JEFATURA_DEL_ESTADO
ESPAÑA	CREADO_POR	JEFATURA_DEL_ESTADO_EL
ESPAÑA	CREADO_POR	MINISTERIO_DE_MEDIO_AMBIENTE
ESPAÑA	CREADO_POR	NICOLÁS
ESPAÑA	CREADO_POR	PRESIDENCIA_DEL_GOBIERNO_DE_ARAGÓN
ESPAÑA	CREADO_POR	Y_MEDIO_RURAL_Y_MARINO
ESPAÑA	EDITORIAL	AGENCIA_ESTATAL_BOLETÍN_OFICIAL_DEL_ESTADO
ESPAÑA	EDITORIAL	ALIMENTACIÓN_Y_MEDIO_AMBIENTE
ESPAÑA	EDITORIAL	FONDO_MONETARIO_INTERNACIONAL
ESPAÑA	EDITORIAL	MINISTERIO_DE_AGRICULTURA
ESPAÑA	FRONTERA_CON	7&NBSP;KMREFN
ESPAÑA	GOBIERNO	MONARQUÍA_PARLAMENTARIA
ESPAÑA	IDIOMA	EN
ESPAÑA	IDIOMA	INGLÉS
ESPAÑA	MONEDA	EUROREFN
ESPAÑA	PREFIJO_RADIOFÓNICO	AMA-AOZ
ESPAÑA	PREFIJO_RADIOFÓNICO	EAA-EHZ
ESPAÑA	TIPO	HTML
ESPAÑA	TIPO	PDF
ESTADOS_UNIDOS	CAPITAL	WASHINGTON_D._C.
ESTADOS_UNIDOS	CIUDAD_MÁS_POBLADA	NUEVA_YORK
ESTADOS_UNIDOS	CODIGO_ISO	840/USA/USREF_DE_FICHA
ESTADOS_UNIDOS	CREADO_POR	CIAREFN
ESTADOS_UNIDOS	CREADO_POR	FONDO_MONETARIO_INTERNACIONAL
ESTADOS_UNIDOS	CREADO_POR	OFICINA_DEL_CENSO_DE_LOS_ESTADOS_UNIDOS
ESTADOS_UNIDOS	CREADO_POR	UNIÓN_INTERNACIONAL_DE_TELECOMUNICACIONES
ESTADOS_UNIDOS	EDITORIAL	REAL_ACADEMIA_ESPAÑOLA_REFN
ESTADOS_UNIDOS	FRONTERA_CON	12048
ESTADOS_UNIDOS	GENTILICIO	ESTADOUNIDENSECITA_DLE
ESTADOS_UNIDOS	GOBIERNO	REPÚBLICA
ESTADOS_UNIDOS	IDIOMA	EN
ESTADOS_UNIDOS	IDIOMA	INGLÉS
ESTADOS_UNIDOS	MIEMBRO_DE	APEC
ESTADOS_UNIDOS	MIEMBRO_DE	AUKUS
ESTADOS_UNIDOS	MIEMBRO_DE	CINCO_OJOS
ESTADOS_UNIDOS	MIEMBRO_DE	G-7
ESTADOS_UNIDOS	MIEMBRO_DE	OCDE
ESTADOS_UNIDOS	MIEMBRO_DE	OEA
ESTADOS_UNIDOS	MIEMBRO_DE	ONU
ESTADOS_UNIDOS	MIEMBRO_DE	OSCE
ESTADOS_UNIDOS	MIEMBRO_DE	OTAN
ESTADOS_UNIDOS	MIEMBRO_DE	TLCAN
ESTADOS_UNIDOS	MIEMBRO_DE	UKUSA
ESTADOS_UNIDOS	PREFIJO_RADIOFÓNICO	AAA-ALZ
ESTADOS_UNIDOS	PREFIJO_RADIOFÓNICO	KAA-KZZ
ESTADOS_UNIDOS	PREFIJO_RADIOFÓNICO	NAA-NZZ
ESTADOS_UNIDOS	PREFIJO_RADIOFÓNICO	WAA-WZZCITA_WEB
FEDERICO_GARCÍA_LORCA	OCUPACION	ESCRITOR
FEDERICO_GARCÍA_LORCA	OCUPACION	POETA_Y_DRAMATURGO._DE_1931_A_1936_CODIRECTOR_DE
FINLANDIA	CAPITAL	HELSINKI
FINLANDIA	CIUDAD_MÁS_POBLADA	HELSINKI
FINLANDIA	CODIGO_ISO	246_/_FIN_/_FI
FINLANDIA	CREADO_POR	CIA
FINLANDIA	FRONTERA_CON	2563
FINLANDIA	GOBIERNO	REPÚBLICA_PARLAMENTARIA
FINLANDIA	IDIOMA	CITA_WEB
FINLANDIA	IDIOMA	EN
FINLANDIA	IDIOMA	FI
FINLANDIA	IDIOMA	FI-FI_CARELIOCITA_WEB
FINLANDIA	IDIOMA	FI-FI_LENGUA_DE_SIGNOS_FINLANDESA
FINLANDIA	IDIOMA	INGLÉS
FINLANDIA	MIEMBRO_DE	CONSEJO_NÓRDICO
FINLANDIA	MIEMBRO_DE	OCDE
FINLANDIA	MIEMBRO_DE	ONU
FINLANDIA	MIEMBRO_DE	OSCE
FINLANDIA	PREFIJO_RADIOFÓNICO	OFA-OJZ
FRANCIA	CAPITAL	PARÍS
FRANCIA	CIUDAD_MÁS_POBLADA	PARÍS
FRANCIA	CODIGO_ISO	250/FRA/FR
FRANCIA	CREADO_POR	MINISTERIO_DE_ASUNTOS_EXTERIORES
FRANCIA	CREADO_POR	UNIÓN_INTERNACIONAL_DE_TELECOMUNICACIONES
FRANCIA	EDITORIAL	EUROSTAT
FRANCIA	FRONTERA_CON	2889&NBSP;
FRANCIA	GOBIERNO	REPÚBLICA_SEMIPRESIDENCIALISTA
FRANCIA	IDIOMA	EN
FRANCIA	IDIOMA	INGLÉS
FRANCIA	LEMA_NACIONAL	LIBERTÉ
FRANCIA	LEMA_NACIONAL	ÉGALITÉ
FRANCIA	PREFIJO_RADIOFÓNICO	FAA-FZZ
FRANCIA	PREFIJO_RADIOFÓNICO	HWA-HYZ
FRANCIA	PREFIJO_RADIOFÓNICO	THA-THZ
FRANCIA	PREFIJO_RADIOFÓNICO	TKA-TKZ
FRANCIA	PREFIJO_RADIOFÓNICO	TMA-TMZ
FRANCIA	PREFIJO_RADIOFÓNICO	TOA-TQZ
FRANCIA	PREFIJO_RADIOFÓNICO	TVA-TXZCITA_WEB
GABRIEL_GARCÍA_MÁRQUEZ	CONYUGE_DE	MERCEDES_BARCHA_PARDO
GABRIEL_GARCÍA_MÁRQUEZ	GENERO	HLIST
GABRIEL_GARCÍA_MÁRQUEZ	IDIOMA	ES
GABRIEL_GARCÍA_MÁRQUEZ	OCUPACION	EDITOR_DE_LIBROS_Y_GUIONISTA
GABRIEL_GARCÍA_MÁRQUEZ	OCUPACION	ESCRITOR
GABRIEL_GARCÍA_MÁRQUEZ	OCUPACION	PERIODISTA
GABRIEL_GARCÍA_MÁRQUEZ	PADRE_DE	GABRIEL_ELIGIO_GARCÍA_MARTÍNEZ_Y_LUISA_SANTIAGA_MÁRQUEZ_IGUARÁN
GRECIA	CODIGO_ISO	300_/_GRC_/_GR
GRECIA	CREADO_POR	CIA
GRECIA	EDITORIAL	AUTORIDAD_ESTADÍSTICA_GRIEGA
GRECIA	FRONTERA_CON	1935&NBSP;KM
GRECIA	GOBIERNO	REPÚBLICA_PARLAMENTARIAREF_DE_FICHA
GRECIA	IDIOMA	GRIEGO
GRECIA	IDIOMA	INGLÉS
GRECIA	MIEMBRO_DE	EUROMED
GRECIA	MIEMBRO_DE	OCDE
GRECIA	MIEMBRO_DE	ONU
GRECIA	MIEMBRO_DE	OSCE
GRECIA	MIEMBRO_DE	OTAN
GRECIA	MONEDA	EUROREF_DE_FICHA
GRECIA	PREFIJO_RADIOFÓNICO	SVA-SZZ_/_J4A-J4Z
GUATEMALA	CAPITAL	CIUDAD_DE_GUATEMALA
GUATEMALA	CIUDAD_MÁS_POBLADA	CIUDAD_DE_GUATEMALA
GUATEMALA	CODIGO_ISO	320_/_GTM_/_GT
GUATEMALA	CREADO_POR	IMF
GUATEMALA	FUNDADO_EN	INDEPENDENCIA
GUATEMALA	IDIOMA	INGLÉS
GUATEMALA	LEMA_NACIONAL	LIBRE_CREZCA_FECUNDOCITA_WEB
GUATEMALA	PREFIJO_RADIOFÓNICO	TDA-TDZ
GUATEMALA	PREFIJO_RADIOFÓNICO	TGA-TGZ
GUYANA	CODIGO_ISO	328_/_GUY_/_GY
GUYANA	CREADO_POR	CIA
GUYANA	CREADO_POR	SYNIEKA
GUYANA	CREADO_POR	THORNE
GUYANA	EDITORIAL	SANTILLANA
GUYANA	FRONTERA_CON	2933
GUYANA	GENTILICIO	-SACITA_WEB
GUYANA	GENTILICIO	GUYANÉS
GUYANA	GOBIERNO	REPÚBLICA
GUYANA	IDIOMA	INGLÉS
GUYANA	LEMA_NACIONAL	ONE_DESTINYCITA_WEB
GUYANA	LEMA_NACIONAL	ONE_NATION
GUYANA	LEMA_NACIONAL	ONE_PEOPLE
GUYANA	MIEMBRO_DE	MANCOMUNIDAD_DE_NACIONES
GUYANA	PREFIJO_RADIOFÓNICO	8RA-8RZ
HAITÍ	CAPITAL	PUERTO_PRÍNCIPE
HAITÍ	CIUDAD_MÁS_POBLADA	PUERTO_PRÍNCIPE
HAITÍ	CODIGO_ISO	332/HTI/HT
HAITÍ	CREADO_POR	CIA
HAITÍ	CREADO_POR	FONDO_MONETARIO_INTERNACIONAL
HAITÍ	FRONTERA_CON	376
HAITÍ	GOBIERNO	REPÚBLICA
HAITÍ	IDIOMA	INGLÉS
HAITÍ	LEMA_NACIONAL	L’UNION_FAIT_LA_FORCEREF_DE_FICHA
HAITÍ	MIEMBRO_DE	OEA
HAITÍ	MIEMBRO_DE	ONU
HAITÍ	PREFIJO_RADIOFÓNICO	4VA-4VZ
HAITÍ	PREFIJO_RADIOFÓNICO	HHA-HHZ
HONDURAS	CAPITAL	TEGUCIGALPA_Y_COMAYAGÜELA
HONDURAS	CIUDAD_MÁS_POBLADA	TEGUCIGALPACITA_WEB
HONDURAS	CODIGO_ISO	340_/_HND_/_HN
HONDURAS	CREADO_POR	CIA
HONDURAS	CREADO_POR	UNIÓN_INTERNACIONAL_DE_TELECOMUNICACIONES
HONDURAS	FRONTERA_CON	1575&NBSP;KMCITA_WEB
HONDURAS	IDIOMA	EN
HONDURAS	IDIOMA	INGLÉS
HONDURAS	LEMA_NACIONAL	LIBRE
HONDURAS	LEMA_NACIONAL	SOBERANA_E_INDEPENDIENTE
HONDURAS	PREFIJO_RADIOFÓNICO	HQA-HQZ
HONDURAS	PREFIJO_RADIOFÓNICO	HRA-HRZCITA_WEB
HUNGRÍA	CAPITAL	BUDAPEST
HUNGRÍA	CIUDAD_MÁS_POBLADA	BUDAPEST
HUNGRÍA	CODIGO_ISO	348_/_HUN_/_HU
HUNGRÍA	CREADO_POR	CIA
HUNGRÍA	FRONTERA_CON	2106_KM
HUNGRÍA	GOBIERNO	REPÚBLICA_PARLAMENTARIA
HUNGRÍA	IDIOMA	INGLÉS
HUNGRÍA	LEMA_NACIONAL	NINGUNOREF_DE_FICHA
HUNGRÍA	MIEMBRO_DE	OCDE
HUNGRÍA	MIEMBRO_DE	ONU
HUNGRÍA	MIEMBRO_DE	OSCE
HUNGRÍA	MIEMBRO_DE	OTAN
HUNGRÍA	PREFIJO_RADIOFÓNICO	HAA-HAZ
HUNGRÍA	PREFIJO_RADIOFÓNICO	HGA-HGZ
INDIA	CAPITAL	NUEVA_DELHI
INDIA	CIUDAD_MÁS_POBLADA	BOMBAY
INDIA	CODIGO_ISO	356_/_IND_/_IN
INDIA	CREADO_POR	CIA
INDIA	CREADO_POR	FONDO_MONETARIO_INTERNACIONAL
INDIA	CREADO_POR	NATIONAL_INFORMATICS_CENTRE
INDIA	CREADO_POR	WORLDOMETER
INDIA	FRONTERA_CON	UNIDAD
INDIA	GOBIERNO	REPÚBLICA
INDIA	IDIOMA	EN
INDIA	IDIOMA	INGLÉS
INDIA	LEMA_NACIONAL	सत्यमेव_जयतेSATIAMEVA_JAYATE(EN_SÁNSCRITO:_LA_VERDAD_SOLA_TRIUNFA)CITA_WEB
INDIA	MIEMBRO_DE	MANCOMUNIDAD_DE_NACIONES
INDIA	MIEMBRO_DE	ONU
INDIA	MIEMBRO_DE	SAARC
INDIA	PREFIJO_RADIOFÓNICO	ATA-AWZ_/_VTA-VWZ_/_8TA-8YZ
IRAK	CAPITAL	BAGDAD
IRAK	CIUDAD_MÁS_POBLADA	BAGDAD
IRAK	CODIGO_ISO	368_/_IRQ_/_IQ
IRAK	CREADO_POR	CIA
IRAK	CREADO_POR	OUR_WORLD_IN_DATA
IRAK	EDITORIAL	FONDO_MONETARIO_INTERNACIONAL
IRAK	FRONTERA_CON	3809_KM
IRAK	FUNDADO_EN	INDEPENDENCIA
IRAK	GENTILICIO	IRAQUÍ
IRAK	GOBIERNO	REPÚBLICA
IRAK	IDIOMA	INGLÉS
IRAK	LEMA_NACIONAL	الله_أكبر
IRAK	MIEMBRO_DE	LIGA_ÁRABE
IRAK	MIEMBRO_DE	ONU
IRAK	MIEMBRO_DE	OPEP
IRAK	PREFIJO_RADIOFÓNICO	HNA-HNZ_/_YIA-YIZ
IRÁN	CODIGO_ISO	364_/_IRN_/_IR
IRÁN	CREADO_POR	CIA
IRÁN	CREADO_POR	OUR_WORLD_IN_DATA
IRÁN	FRONTERA_CON	5&NBSP;894
IRÁN	GENTILICIO	IRANÍ
IRÁN	GOBIERNO	REPÚBLICA_ISLÁMICA
IRÁN	IDIOMA	INGLÉS
IRÁN	LEMA_NACIONAL	ĀZĀDĪ
IRÁN	LEMA_NACIONAL	استقلال._آزادی._جمهوری_اسلامیESTEQLĀL
IRÁN	PREFIJO_RADIOFÓNICO	9BA-9DZ
IRÁN	PREFIJO_RADIOFÓNICO	EPA-EQZ
ISAAC_NEWTON	IDIOMA	EN
ISAAC_NEWTON	IDIOMA	INGLÉS
ISAAC_NEWTON	IDIOMA	INGLÉSCITA_WEB
ISAAC_NEWTON	MIEMBRO_DE	ROYAL_SOCIETY
ISAAC_NEWTON	PADRE_DE	ISAAC_NEWTONHANNAH_AYSCOUGH
ISAAC_NEWTON	PREMIO	NO
ISRAEL	CAPITAL	JERUSALÉNREF_DE_FICHA
ISRAEL	CIUDAD_MÁS_POBLADA	JERUSALÉN
ISRAEL	CODIGO_ISO	376_/_ISR_/_IL
ISRAEL	CREADO_POR	MINISTERIO_DE_ASUNTOS_EXTERIORES_DE_ESPAÑA
ISRAEL	CREADO_POR	MINISTERIO_DE_ASUNTOS_EXTERIORES_DE_ISRAEL_VÉASE
ISRAEL	EDITORIAL	BBC_MUNDOCITA_WEB
ISRAEL	EDITORIAL	CENTRAL_INTELLIGENCE_AGENCY
ISRAEL	EDITORIAL	EL_MUNDO
ISRAEL	EDITORIAL	ISRAELI_GOVERNMENT_PORTAL
ISRAEL	EDITORIAL	KNESSET
ISRAEL	EDITORIAL	NACIONES_UNIDAS
ISRAEL	FORMATO	PDF
ISRAEL	FRONTERA_CON	1006&NBSP;
ISRAEL	GENTILICIO	ISRAELÍ&THINSP;CITA_DPD
ISRAEL	GOBIERNO	REPÚBLICA
ISRAEL	IDIOMA	EN
ISRAEL	IDIOMA	ES
ISRAEL	IDIOMA	INGLÉS
ISRAEL	PREFIJO_RADIOFÓNICO	4XA-4XZ
ISRAEL	PREFIJO_RADIOFÓNICO	4ZA-4ZZ
ITALIA	CAPITAL	ROMA
ITALIA	CIUDAD_MÁS_POBLADA	ROMA
ITALIA	CODIGO_ISO	380_/_ITA_/_IT
ITALIA	CREADO_POR	CIA
ITALIA	EDITORIAL	EUROSTAT
ITALIA	EDITORIAL	FONDO_MONETARIO_INTERNACIONAL
ITALIA	FRONTERA_CON	2&NBSP;
ITALIA	GOBIERNO	REPÚBLICA_PARLAMENTARIA
ITALIA	IDIOMA	EN
ITALIA	IDIOMA	INGLÉS
ITALIA	MIEMBRO_DE	EUROMED
ITALIA	MIEMBRO_DE	G-7
ITALIA	MIEMBRO_DE	OCDE
ITALIA	MIEMBRO_DE	ONU
ITALIA	MIEMBRO_DE	OSCE
ITALIA	MIEMBRO_DE	OTAN
ITALIA	MONEDA	EUROREF_DE_FICHA
ITALIA	PREFIJO_RADIOFÓNICO	IAA-IZZ
JAMAICA	CAPITAL	KINGSTON
JAMAICA	CIUDAD_MÁS_POBLADA	KINGSTON
JAMAICA	CODIGO_ISO	388_/_JAM_/_JM
JAMAICA	CREADO_POR	AGENCIA_CENTRAL_DE_INTELIGENCIA
JAMAICA	CREADO_POR	CIA
JAMAICA	FRONTERA_CON	0
JAMAICA	FUNDADO_EN	INDEPENDENCIA
JAMAICA	GENTILICIO	-NAREFN
JAMAICA	GENTILICIO	-NA_JAMAIQUINO
JAMAICA	GENTILICIO	JAMAICANO
JAMAICA	IDIOMA	INGLÉS
JAMAICA	LEMA_NACIONAL	OUT_OF_MANY
JAMAICA	MIEMBRO_DE	MANCOMUNIDAD_DE_NACIONES
JAMAICA	MIEMBRO_DE	OEA
JAMAICA	MIEMBRO_DE	ONU
JAMAICA	PREFIJO_RADIOFÓNICO	6YA-6YZ
JAPÓN	CAPITAL	TOKIOREF_DE_FICHA
JAPÓN	CIUDAD_MÁS_POBLADA	TOKIOREF_DE_FICHA
JAPÓN	CREADO_POR	AGENCIA_CENTRAL_DE_INTELIGENCIA
JAPÓN	CREADO_POR	UNIÓN_INTERNACIONAL_DE_TELECOMUNICACIONES
JAPÓN	EDITORIAL	CENTRO_DE_ESTUDIOS_INTERNACIONALES_GILBERTO_BOSQUES
JAPÓN	EDITORIAL	DIPLOMACIA_PÚBLICA_Y_REDES
JAPÓN	EDITORIAL	DIRECCIÓN_GENERAL_DE_COMUNICACIÓN
JAPÓN	EDITORIAL	GEOSPATIAL_INFORMATION_AUTHORITY_OF_JAPAN
JAPÓN	EDITORIAL	LEGISLATIVE_BUREAU_OF_THE_HOUSE_OF_COUNCILLORS
JAPÓN	EDITORIAL	NACIONES_UNIDAS
JAPÓN	EDITORIAL	OCDE
JAPÓN	EDITORIAL	TOKYO_METROPOLITAN_GOVERNMENT
JAPÓN	FORMATO	PDF
JAPÓN	FRONTERA_CON	ESD
JAPÓN	GOBIERNO	MONARQUÍA_PARLAMENTARIA
JAPÓN	IDIOMA	EN
JAPÓN	IDIOMA	INGLÉS
JAPÓN	IDIOMA	JA
JAPÓN	IDIOMA	JAPONÉS
JAPÓN	IDIOMA_OFICIAL	NINGUNOREF_DE_FICHA
JAPÓN	PREFIJO_RADIOFÓNICO	7JA-7NZ_/_8JA-8NZ_/_JAA-JSZCITA_WEB
JOSÉ_DE_SAN_MARTÍN	CONYUGE_DE	MATRIMONIO
JOSÉ_DE_SAN_MARTÍN	HIJO_DE	MERCEDES_TOMASA_SAN_MARTÍN_Y_ESCALADA
JOSÉ_DE_SAN_MARTÍN	MIEMBRO_DE	LOGIA_LAUTARO
JOSÉ_DE_SAN_MARTÍN	OCUPACION	MILITAR_Y_POLÍTICO
JOSÉ_DE_SAN_MARTÍN	PADRE_DE	JUAN_DE_SAN_MARTÍN_Y_GREGORIA_MATORRAS
KENIA	CAPITAL	NAIROBICITA_WEB
KENIA	CIUDAD_MÁS_POBLADA	NAIROBI
KENIA	CODIGO_ISO	404_/_KEN_/_KE
KENIA	CREADO_POR	CIA
KENIA	CREADO_POR	GITAHI_KARIUKI
KENIA	CREADO_POR	GODFREY
KENIA	CREADO_POR	OUR_WORLD_IN_DATA
KENIA	CREADO_POR	REAL_ACADEMIA_ESPAÑOLA
KENIA	FRONTERA_CON	3457&NBSP;KMCITA_WEB
KENIA	FUNDADO_EN	INDEPENDENCIA
KENIA	GENTILICIO	KENIANO/NA_(TAMBIÉN_SE_ACEPTA_KENIATA)CITA_WEB
KENIA	GOBIERNO	REPÚBLICA
KENIA	IDIOMA	INGLÉS
KENIA	MIEMBRO_DE	ONU
KENIA	PREFIJO_RADIOFÓNICO	5YA-5ZZ
LEONARDO_DA_VINCI	GENERO	NO
LEONARDO_DA_VINCI	IDIOMA	ES-ES
LEONARDO_DA_VINCI	OCUPACION	ARQUITECTO
LEONARDO_DA_VINCI	PADRE_DE	NO
LINUS_TORVALDS	CONOCIDO_POR	CREAR_EL
LINUS_TORVALDS	CONYUGE_DE	TOVE_TORVALDS
LUDWIG_VAN_BEETHOVEN	HIJO_DE	NO
LUDWIG_VAN_BEETHOVEN	NACIONALIDAD	ALEMANA
MARIE_CURIE	CONOCIDO_POR	DESCUBRIMIENTO_DEL
MARIE_CURIE	CONYUGE_DE	MATRIMONIO
MARIE_CURIE	EDITORIAL	EDITIONS_JOURDAN
MARIE_CURIE	EDITORIAL	MACMILLAN_JOURNALS
MARIE_CURIE	IDIOMA	EN
MARIE_CURIE	IDIOMA	FR
MARIE_CURIE	OCUPACION	CIENTÍFICA
MARIE_CURIE	PADRE_DE	WŁADYSŁAW_SKŁODOWSKIBRONISŁAWA_BOGUSKA
MARIE_CURIE	PREMIO	MEDALLA_DAVY
MARRUECOS	CAPITAL	RABATCITA_WEB
MARRUECOS	CIUDAD_MÁS_POBLADA	CASABLANCACOORD
MARRUECOS	CODIGO_ISO	504/MAR/MA
MARRUECOS	CREADO_POR	CHARLES_ANDRÉ
MARRUECOS	CREADO_POR	CIA
MARRUECOS	CREADO_POR	CYR
MARRUECOS	CREADO_POR	JULIEN
MARRUECOS	CREADO_POR	RUTH
MARRUECOS	EDITORIAL	PAYOT
MARRUECOS	EDITORIAL	WRITERS_CLUB_PRESS
MARRUECOS	FRONTERA_CON	5
MARRUECOS	FUNDADO_EN	FUNDACIÓN
MARRUECOS	GENTILICIO	-INACITA_DLE
MARRUECOS	GENTILICIO	MARROQUÍ_MARROQUÍN
MARRUECOS	GOBIERNO	MONARQUÍA_CONSTITUCIONAL
MARRUECOS	IDIOMA	FRANCÉS
MARRUECOS	IDIOMA	INGLÉS
MARRUECOS	LEMA_NACIONAL	LANG
MARRUECOS	PREFIJO_RADIOFÓNICO	5CA-5GZ
MARRUECOS	PREFIJO_RADIOFÓNICO	CNA-CNZ
MIGUEL_ÁNGEL	GENERO	NO
MIGUEL_ÁNGEL	NACIONALIDAD	NO
MIGUEL_ÁNGEL	OCUPACION	ARQUITECTO
MIGUEL_ÁNGEL	OCUPACION	DIBUJANTE
MIGUEL_ÁNGEL	OCUPACION	ESCULTOR
MIGUEL_ÁNGEL	OCUPACION	PINTOR
MIGUEL_ÁNGEL	OCUPACION	POETA
MÉXICO	CAPITAL	CIUDAD_DE_MÉXICO
MÉXICO	CIUDAD_MÁS_POBLADA	CIUDAD_DE_MÉXICO
MÉXICO	CODIGO_ISO	484_/_MX_/_MEX
MÉXICO	CREADO_POR	UNIÓN_INTERNACIONAL_DE_TELECOMUNICACIONES
MÉXICO	EDITORIAL	INEGI
MÉXICO	FRONTERA_CON	4389&NBSP;KM_TOTAL•_3152&NBSP;KM_CON_•_956&NBSP;KM_CON_•_193&NBSP;KM_CON
MÉXICO	GOBIERNO	REPÚBLICA
MÉXICO	IDIOMA	EN
MÉXICO	IDIOMA	ES27_DE_SEPTIEMBRE_DE_182128_DE_DICIEMBRE_DE_1836
MÉXICO	IDIOMA	INGLÉS
MÉXICO	PREFIJO_RADIOFÓNICO	4AA-4CZ
MÉXICO	PREFIJO_RADIOFÓNICO	6DA-6JZ
MÉXICO	PREFIJO_RADIOFÓNICO	XAA-XIZCITA_WEB
NICARAGUA	CAPITAL	MANAGUA
NICARAGUA	CIUDAD_MÁS_POBLADA	MANAGUA
NICARAGUA	CODIGO_ISO	558_/_NIC_/_NI
NICARAGUA	CREADO_POR	FONDO_MONETARIO_INTERNACIONAL
NICARAGUA	CREADO_POR	UNIÓN_INTERNACIONAL_DE_TELECOMUNICACIONES
NICARAGUA	FRONTERA_CON	843
NICARAGUA	IDIOMA	EN
NICARAGUA	IDIOMA	INGLÉS
NICARAGUA	LEMA_NACIONAL	EN_DIOS_CONFIAMOS
NICARAGUA	PREFIJO_RADIOFÓNICO	H6A-H6Z._H7A-H7Z
NICARAGUA	PREFIJO_RADIOFÓNICO	HTA-HTZ
NICARAGUA	PREFIJO_RADIOFÓNICO	YNA-YNZCITA_WEB
NIGERIA	CAPITAL	ABUYACITA_WEB
NIGERIA	CIUDAD_MÁS_POBLADA	LAGOSCITA_WEB
NIGERIA	CODIGO_ISO	566_/_NGA_/_NG
NIGERIA	FRONTERA_CON	4&NBSP;047
NIGERIA	GENTILICIO	-A
NIGERIA	GENTILICIO	NIGERIANO
NIGERIA	GOBIERNO	REPÚBLICA_FEDERAL
NIGERIA	IDIOMA	INGLÉS
NIGERIA	LEMA_NACIONAL	UNITY_AND_FAITH
NIGERIA	MONEDA	NAIRA
NIGERIA	PREFIJO_RADIOFÓNICO	5NA-5OZ
NORUEGA	CODIGO_ISO	578/NOR/NO
NORUEGA	CREADO_POR	CIA
NORUEGA	FRONTERA_CON	2566&NBSP;
NORUEGA	GOBIERNO	MONARQUÍA_PARLAMENTARIA
NORUEGA	IDIOMA	INGLÉS
NORUEGA	MONEDA	NOWRAP
NORUEGA	PREFIJO_RADIOFÓNICO	3YA-3YZ
NUEVA_ZELANDA	CAPITAL	WELLINGTON
NUEVA_ZELANDA	CIUDAD_MÁS_POBLADA	AUCKLAND_COORD
NUEVA_ZELANDA	CODIGO_ISO	554/NZL/NZ
NUEVA_ZELANDA	CREADO_POR	CIA
NUEVA_ZELANDA	FRONTERA_CON	0&NBSP;
NUEVA_ZELANDA	FUNDADO_EN	INDEPENDENCIA
NUEVA_ZELANDA	GENTILICIO	-ESA
NUEVA_ZELANDA	GENTILICIO	NEOZELANDÉS
NUEVA_ZELANDA	GOBIERNO	MONARQUÍA_CONSTITUCIONAL
NUEVA_ZELANDA	IDIOMA	INGLÉS
NUEVA_ZELANDA	LEMA_NACIONAL	NINGUNO
NUEVA_ZELANDA	PREFIJO_RADIOFÓNICO	ZKA-ZMZ
OCTAVIO_PAZ	CONYUGE_DE	MATRIMONIO
OCTAVIO_PAZ	CREADO_POR	GUADALUPE_LOAEZA
OCTAVIO_PAZ	GENERO	POESÍA_Y_ENSAYO
OCTAVIO_PAZ	HIJO_DE	HELENA_PAZ_GARRO
OCTAVIO_PAZ	OCUPACION	ESCRITOR_Y_DIPLOMÁTICO
OCTAVIO_PAZ	PADRE_DE	OCTAVIO_PAZ_SOLÓRZANOJOSEFA_LOZANO
OCTAVIO_PAZ	PAIS	INDIA
PABLO_PICASSO	CONYUGE_DE	MATRIMONIO
PABLO_PICASSO	GENERO	ARTE_FIGURATIVO
PABLO_PICASSO	GENERO	REALISMO_SOCIAL
PABLO_PICASSO	HIJO_DE	DE_FRANÇOISE_GILOT
PABLO_PICASSO	HIJO_DE	DE_MARIE-THÉRÈSE_WALTER.CLAUDE_PICASSO
PABLO_PICASSO	HIJO_DE	DE_OLGA_JOJLOVA.MAYA_WIDMAIER-PICASSO
PABLO_PICASSO	HIJO_DE	PAULO_PICASSO
PABLO_PICASSO	IDIOMA	ESPAÑOL
PABLO_PICASSO	IDIOMA	ESPAÑOLCITA_WEB
PABLO_PICASSO	IDIOMA	INGLÉSCITA_WEB
PANAMÁ	CAPITAL	CIUDAD_DE_PANAMÁ
PANAMÁ	CIUDAD_MÁS_POBLADA	CIUDAD_DE_PANAMÁ
PANAMÁ	CODIGO_ISO	591_/_PAN_/_PA
PANAMÁ	CREADO_POR	ALBA_MORGADE
PANAMÁ	CREADO_POR	ASAMBLEA_NACIONAL_DE_PANAMÁ
PANAMÁ	CREADO_POR	ASAMBLEA_NACIONAL_DE_PANAMÁCITA_WEB
PANAMÁ	CREADO_POR	BANCO_INTERAMERICANO_DE_DESARROLLO
PANAMÁ	CREADO_POR	BANCO_MUNDIAL
PANAMÁ	CREADO_POR	CIA
PANAMÁ	CREADO_POR	DE_POMBO
PANAMÁ	CREADO_POR	EDITORAS
PANAMÁ	CREADO_POR	FONDO_MONETARIO_INTERNACIONAL
PANAMÁ	CREADO_POR	FUNDACIÓN_TELEFÓNICA
PANAMÁ	CREADO_POR	GALLUP_&_HEALTHWAYS
PANAMÁ	CREADO_POR	HONDURAS
PANAMÁ	CREADO_POR	INEC
PANAMÁ	CREADO_POR	JENNIFER_BLANKE_Y_THEA_CHIESA
PANAMÁ	CREADO_POR	LINO
PANAMÁ	CREADO_POR	OMPI
PANAMÁ	CREADO_POR	ORGANIZACIÓN_MUNDIAL_DE_LA_PROPIEDAD_INTELECTUAL
PANAMÁ	CREADO_POR	RADIO_AMERICA
PANAMÁ	CREADO_POR	RECOPILACIÓN_DE_LAS_LEYES_DE_INDIAS
PANAMÁ	CREADO_POR	REPORTERS_WITHOUT_BORDERS
PANAMÁ	CREADO_POR	THE_ECONOMIST_INTELLIGENCE_UNIT
PANAMÁ	CREADO_POR	THE_ECONOMIST_INTELLIGENCE_UNIT_ET._AL.
PANAMÁ	CREADO_POR	THE_HERITAGE_FOUNDATION_AND_THE_WALL_STREET_JOURNAL
PANAMÁ	CREADO_POR	TRANSPARENCY_INTERNATIONAL
PANAMÁ	EDITORIAL	BBC_MUNDO
PANAMÁ	EDITORIAL	BIBLIOTECA_NACIONAL_DE_PANAMÁ
PANAMÁ	EDITORIAL	BIBLIOTECA_VIRTUAL_MIGUEL_DE_CERVANTES
PANAMÁ	EDITORIAL	INSTITUTO_NACIONAL_DE_ESTADÍSTICA_Y_CENSO
PANAMÁ	EDITORIAL	LEGATUM_INSTITUTE
PANAMÁ	EDITORIAL	PROGRAMA_DE_LAS_NACIONES_UNIDAS_PARA_EL_DESARROLLO
PANAMÁ	EDITORIAL	UNIVERSIDAD_DE_LOS_ANDES
PANAMÁ	EDITORIAL	WORLD_ECONOMIC_FORUM
PANAMÁ	FORMATO	PDF
PANAMÁ	FRONTERA_CON	687&NBSP;
PANAMÁ	IDIOMA	ES
PANAMÁ	IDIOMA	ES-ES
PANAMÁ	IDIOMA	ES_POLÍTICAMENTE
PANAMÁ	IDIOMA	INGLÉS
PANAMÁ	IDIOMA	SU_TERRITORIO_ESTÁ_CONSTITUIDO_POR
PANAMÁ	LEMA_NACIONAL	PRO_MUNDI_BENEFICIO
PANAMÁ	MIEMBRO_DE	GRUPO_DE_RÍO
PANAMÁ	PAIS	PANAMÁ
PANAMÁ	PREFIJO_RADIOFÓNICO	3EA-3FZ
PANAMÁ	PREFIJO_RADIOFÓNICO	H3A-H3Z
PANAMÁ	PREFIJO_RADIOFÓNICO	H8A-H9Z
PANAMÁ	PREFIJO_RADIOFÓNICO	HOA-HPZ
PARAGUAY	CODIGO_ISO	600/PRY/PY
PARAGUAY	CREADO_POR	FONDO_MONETARIO_INTERNACIONAL
PARAGUAY	EDITORIAL	WORLD_BANK
PARAGUAY	FORMATO	PDF
PARAGUAY	FRONTERA_CON	3484
PARAGUAY	FUNDADO_EN	PERÍODO_ESPAÑOL•
PARAGUAY	GENTILICIO	-A
PARAGUAY	GENTILICIO	PARAGUAYO
PARAGUAY	GOBIERNO	REPÚBLICA
PARAGUAY	IDIOMA	INGLÉS
PARAGUAY	PREFIJO_RADIOFÓNICO	ZPA-ZPZ
PERÚ	CODIGO_ISO	604/PER/PE
PERÚ	CREADO_POR	NOMBERTO
PERÚ	CREADO_POR	VÍCTOR_R.
PERÚ	EDITORIAL	BANCO_MUNDIAL
PERÚ	EDITORIAL	CENTRAL_INTELLIGENCE_AGENCY
PERÚ	EDITORIAL	MINISTERIO_DE_RELACIONES_EXTERIORES_DEL_PERÚ
PERÚ	EDITORIAL	PONTIFICIA_UNIVERSIDAD_CATÓLICA_DEL_PERÚ
PERÚ	FORMATO	PDF
PERÚ	FRONTERA_CON	7073
PERÚ	GOBIERNO	REPÚBLICA
PERÚ	IDIOMA	EN
PERÚ	IDIOMA	INGLÉS
PERÚ	LEMA_NACIONAL	FIRME_Y_FELIZ_POR_LA_UNIÓN
PERÚ	PREFIJO_RADIOFÓNICO	OAA-OCZ_4TA-4TZ
POLONIA	CAPITAL	VARSOVIA
POLONIA	CIUDAD_MÁS_POBLADA	VARSOVIA
POLONIA	CODIGO_ISO	616_/_POL_/_PL
POLONIA	CREADO_POR	CIA
POLONIA	CREADO_POR	OUR_WORLD_IN_DATA
POLONIA	EDITORIAL	EUROSTAT
POLONIA	EDITORIAL	INTERNATIONAL_MONETARY_FUND
POLONIA	FRONTERA_CON	3071_KMCITA_WEB
POLONIA	IDIOMA	INGLÉS
POLONIA	MIEMBRO_DE	CBSS
POLONIA	MIEMBRO_DE	OCDE
POLONIA	MIEMBRO_DE	ONU
POLONIA	MIEMBRO_DE	OSCE
POLONIA	MIEMBRO_DE	OTAN
POLONIA	PREFIJO_RADIOFÓNICO	3ZA-3ZZ_/_HFA-HFZ_/_SNA-SRZ
PORTUGAL	CAPITAL	LISBOA
PORTUGAL	CIUDAD_MÁS_POBLADA	LISBOA
PORTUGAL	CODIGO_ISO	620/PRT/PT
PORTUGAL	CREADO_POR	CIA
PORTUGAL	CREADO_POR	FACULTAD_DE_CIENCIAS_POLÍTICAS_Y_SOCIALES._UNAM
PORTUGAL	EDITORIAL	INSTITUTO_NACIONAL_DE_ESTADÍSTICA_DE_PORTUGAL
PORTUGAL	FRONTERA_CON	1224_KM
PORTUGAL	GOBIERNO	REPÚBLICA
PORTUGAL	IDIOMA	INGLÉS
PORTUGAL	IDIOMA	PORTUGUÉS
PORTUGAL	MIEMBRO_DE	EUROMED
PORTUGAL	MIEMBRO_DE	LA_CIENCIA_Y_LA_CULTURA
PORTUGAL	MIEMBRO_DE	OCDE
PORTUGAL	MIEMBRO_DE	ONU
PORTUGAL	MIEMBRO_DE	OSCE
PORTUGAL	MIEMBRO_DE	OTAN
PORTUGAL	PREFIJO_RADIOFÓNICO	CQA-CUZ/XXA-XXZ
REINO_UNIDO	CAPITAL	LONDRES
REINO_UNIDO	CIUDAD_MÁS_POBLADA	LONDRES
REINO_UNIDO	CODIGO_ISO	826/GBR/GB
REINO_UNIDO	CREADO_POR	CIA
REINO_UNIDO	CREADO_POR	OUR_WORLD_IN_DATA
REINO_UNIDO	CREADO_POR	UNIÓN_INTERNACIONAL_DE_TELECOMUNICACIONES
REINO_UNIDO	EDITORIAL	BRITISH_NUMBER_PLATE_MANUFACTURERS_ASSOCIATION
REINO_UNIDO	EDITORIAL	FONDO_MONETARIO_INTERNACIONAL
REINO_UNIDO	FRONTERA_CON	443&NBSP;KM
REINO_UNIDO	GOBIERNO	MONARQUÍA_PARLAMENTARIA
REINO_UNIDO	IDIOMA	EN
REINO_UNIDO	IDIOMA	INGLÉS
REINO_UNIDO	LEMA_NACIONAL	DIEU_ET_MON_DROITREFN
REINO_UNIDO	MIEMBRO_DE	G-7
REINO_UNIDO	MIEMBRO_DE	MANCOMUNIDAD_DE_NACIONES
REINO_UNIDO	MIEMBRO_DE	ONU
REINO_UNIDO	MIEMBRO_DE	OTAN
REINO_UNIDO	MONEDA	NOWRAP
REINO_UNIDO	PREFIJO_RADIOFÓNICO	2AA-2ZZ
REINO_UNIDO	PREFIJO_RADIOFÓNICO	GAA-GZZ
REINO_UNIDO	PREFIJO_RADIOFÓNICO	MAA-MZZ
REINO_UNIDO	PREFIJO_RADIOFÓNICO	VPA-VSZ
REINO_UNIDO	PREFIJO_RADIOFÓNICO	ZBA-ZJZ
REINO_UNIDO	PREFIJO_RADIOFÓNICO	ZNA-ZOZ
REINO_UNIDO	PREFIJO_RADIOFÓNICO	ZQA-ZQZCITA_WEB
RUSIA	CAPITAL	MOSCÚ
RUSIA	CIUDAD_MÁS_POBLADA	MOSCÚ
RUSIA	CODIGO_ISO	643_/_RUS_/_RU
RUSIA	CREADO_POR	AGENCIA_CENTRAL_DE_INTELIGENCIA
RUSIA	CREADO_POR	FONDO_MONETARIO_INTERNACIONAL
RUSIA	CREADO_POR	ROMÁN_KRETSUL
RUSIA	EDITORIAL	AGENCIA_CENTRAL_DE_INTELIGENCIA
RUSIA	EDITORIAL	BANCO_MUNDIAL
RUSIA	EDITORIAL	FEDERAL_STATE_STATISTICS_SERVICE
RUSIA	FRONTERA_CON	22&NBSP;408
RUSIA	GOBIERNO	REPÚBLICA_FEDERAL
RUSIA	IDIOMA	EN
RUSIA	IDIOMA	EN-US
RUSIA	IDIOMA	ENINFOBOX_REF
RUSIA	IDIOMA	INGLÉS
RUSIA	IDIOMA	RU
RUSIA	PREFIJO_RADIOFÓNICO	RAA-RZZ
RUSIA	PREFIJO_RADIOFÓNICO	UAA-UIZ
SALVADOR_DALÍ	CONYUGE_DE	MATRIMONIO
SALVADOR_DALÍ	OCUPACION	DIBUJANTE
SALVADOR_DALÍ	OCUPACION	DISEÑADOR_Y_ESCRITOR
SALVADOR_DALÍ	OCUPACION	ESCULTOR
SALVADOR_DALÍ	OCUPACION	FOTÓGRAFO
SALVADOR_DALÍ	OCUPACION	PINTOR
SIMÓN_BOLÍVAR	CONYUGE_DE	MATRIMONIO
SIMÓN_BOLÍVAR	EDITORIAL	CONGRESO_DEL_PERÚ_EL_10_DE_FEBRERO
SIMÓN_BOLÍVAR	EDITORIAL	CONGRESO_DE_LA_REPÚBLICA_DEL_PERÚ_PROMULGADA_LA
SIMÓN_BOLÍVAR	EDITORIAL	LA_ACADEMIA
SIMÓN_BOLÍVAR	EDITORIAL	MEDIANTE_EL_DECRETO_ORGÁNICO_DE_LA_DICTADURA.CITA_WEB
SIMÓN_BOLÍVAR	EDITORIAL	PRODUCCIONES_CANTABRIA_S.A.C
SIMÓN_BOLÍVAR	EDITORIAL	SOCIEDAD_BOLIVARIANA_DE_VENEZUELA
SIMÓN_BOLÍVAR	HIJO_DE	NO
SIMÓN_BOLÍVAR	IDIOMA	ES
SIMÓN_BOLÍVAR	OCUPACION	MILITAR_Y_POLÍTICO
SIMÓN_BOLÍVAR	PADRE_DE	JUAN_VICENTE_BOLÍVAR_Y_PONTEMARÍA_DE_LA_CONCEPCIÓN_PALACIOS_Y_BLANCO
STEVE_JOBS	CONYUGE_DE	MATRIMONIO
STEVE_JOBS	CREADO_POR	CNN_MÉXICO
STEVE_JOBS	CREADO_POR	THE_INDEPENDENT
STEVE_JOBS	CREADO_POR	THE_NEW_YORK_TIMES
STEVE_JOBS	HIJO_DE	LISA_BRENNAN-JOBS_EVE_JOBS_RED_PAUL_JOBS_ERIN_SIENNA_JOBS
STEVE_JOBS	IDIOMA	INGLÉS
STEVE_JOBS	IDIOMA	INGLÉSCITA_NOTICIA
STEVE_JOBS	OCUPACION	EMPRESARIO
STEVE_JOBS	PREMIO	VER
SUDÁFRICA	CODIGO_ISO	710_/_ZAF_/_ZA
SUDÁFRICA	CREADO_POR	CIA
SUDÁFRICA	CREADO_POR	FONDO_MONETARIO_INTERNACIONAL
SUDÁFRICA	CREADO_POR	OUR_WORLD_IN_DATA
SUDÁFRICA	EDITORIAL	BANCO_MUNDIAL
SUDÁFRICA	FRONTERA_CON	5244
SUDÁFRICA	FUNDADO_EN	INDEPENDENCIA
SUDÁFRICA	GENTILICIO	-A
SUDÁFRICA	GENTILICIO	-A_SURAFRICANO
SUDÁFRICA	GENTILICIO	SUDAFRICANO
SUDÁFRICA	IDIOMA	EN
SUDÁFRICA	IDIOMA	INGLÉS
SUDÁFRICA	PREFIJO_RADIOFÓNICO	S8A-S8Z
SUECIA	CAPITAL	ESTOCOLMO
SUECIA	CIUDAD_MÁS_POBLADA	ESTOCOLMO
SUECIA	CODIGO_ISO	752_/_SWE_/_SE
SUECIA	CREADO_POR	CIA
SUECIA	EDITORIAL	EUROSTAT
SUECIA	EDITORIAL	OFICINA_CENTRAL_DE_ESTADÍSTICAS_DE_SUECIA
SUECIA	FRONTERA_CON	2211&NBSP;KM
SUECIA	GOBIERNO	MONARQUÍA_PARLAMENTARIA
SUECIA	IDIOMA	EN
SUECIA	IDIOMA	INGLÉS
SUECIA	MIEMBRO_DE	CONSEJO_NÓRDICO
SUECIA	MIEMBRO_DE	OCDE
SUECIA	MIEMBRO_DE	ONU
SUECIA	MIEMBRO_DE	OSCE
SUECIA	MIEMBRO_DE	OTAN
SUECIA	PREFIJO_RADIOFÓNICO	7SA-7SZ
SUECIA	PREFIJO_RADIOFÓNICO	8SA-8SZ
SUECIA	PREFIJO_RADIOFÓNICO	SAA-SMZ
SUIZA	CODIGO_ISO	756/CHE/CH
SUIZA	CREADO_POR	CIA
SUIZA	EDITORIAL	EUROSTAT
SUIZA	EDITORIAL	OFICINA_FEDERAL_DE_ESTADÍSTICA
SUIZA	FRONTERA_CON	1770&NBSP;KMCITA_WEB
SUIZA	FUNDADO_EN	INDEPENDENCIA⠀
SUIZA	GENTILICIO	-ACITA_DLE
SUIZA	GENTILICIO	-AHELVÉTICO
SUIZA	GENTILICIO	SUIZO
SUIZA	IDIOMA	ALEMÁN
SUIZA	IDIOMA	EN
SUIZA	IDIOMA	FR
SUIZA	IDIOMA	INGLÉS
SUIZA	LEMA_NACIONAL	OMNES_PRO_UNOREFN
SUIZA	LEMA_NACIONAL	UNUS_PRO_OMNIBUS
SUIZA	MIEMBRO_DE	EFTA
SUIZA	MIEMBRO_DE	ESPACIO_SCHENGEN
SUIZA	MIEMBRO_DE	OCDE
SUIZA	MIEMBRO_DE	ONU
SUIZA	MIEMBRO_DE	OSCE
SUIZA	PREFIJO_RADIOFÓNICO	HBA-HBZ
SUIZA	PREFIJO_RADIOFÓNICO	HEA-HEZ
SURINAM	CAPITAL	PARAMARIBO
SURINAM	CIUDAD_MÁS_POBLADA	PARAMARIBO
SURINAM	CODIGO_ISO	740_/_SUR_/_SR
SURINAM	CREADO_POR	CIA
SURINAM	CREADO_POR	REAL_ACADEMIA_ESPAÑOLA
SURINAM	EDITORIAL	MADRID:_SANTILLANA
SURINAM	FRONTERA_CON	1907
SURINAM	FUNDADO_EN	INDEPENDENCIA
SURINAM	GENTILICIO	-ESACITA_WEB
SURINAM	GENTILICIO	SURINAMÉS
SURINAM	GOBIERNO	REPÚBLICA_PARLAMENTARIA
SURINAM	IDIOMA	INGLÉS
SURINAM	PREFIJO_RADIOFÓNICO	PZA-PZZ
TIM_BERNERS-LEE	CONYUGE_DE	ROSEMARY_LEITH
TRINIDAD_Y_TOBAGO	CAPITAL	PUERTO_ESPAÑA
TRINIDAD_Y_TOBAGO	CIUDAD_MÁS_POBLADA	CHAGUANASCOORD
TRINIDAD_Y_TOBAGO	CODIGO_ISO	780_/_TTO_/_TT
TRINIDAD_Y_TOBAGO	CREADO_POR	CIA
TRINIDAD_Y_TOBAGO	FRONTERA_CON	0
TRINIDAD_Y_TOBAGO	FUNDADO_EN	INDEPENDENCIA
TRINIDAD_Y_TOBAGO	GENTILICIO	TRINITENSE
TRINIDAD_Y_TOBAGO	GOBIERNO	REPÚBLICA
TRINIDAD_Y_TOBAGO	IDIOMA	INGLÉS
TRINIDAD_Y_TOBAGO	LEMA_NACIONAL	TOGETHER_WE_ACHIEVE
TRINIDAD_Y_TOBAGO	LEMA_NACIONAL	TOGETHER_WE_ASPIRE
TRINIDAD_Y_TOBAGO	MIEMBRO_DE	CARICOM
TRINIDAD_Y_TOBAGO	MIEMBRO_DE	MANCOMUNIDAD_DE_NACIONES
TRINIDAD_Y_TOBAGO	MIEMBRO_DE	OEA
TRINIDAD_Y_TOBAGO	MIEMBRO_DE	OMC
TRINIDAD_Y_TOBAGO	MIEMBRO_DE	ONU
TRINIDAD_Y_TOBAGO	PREFIJO_RADIOFÓNICO	9YA-9ZZ
TURQUÍA	CAPITAL	ANKARA
TURQUÍA	CIUDAD_MÁS_POBLADA	ESTAMBULCOORD
TURQUÍA	CODIGO_ISO	792_/_TUR_/_TR
TURQUÍA	CONTINENTE	ASIA
TURQUÍA	EDITORIAL	ASAMBLEA_NACIONAL_DE_TURQUÍA
TURQUÍA	EDITORIAL	CIA
TURQUÍA	EDITORIAL	INTERNATIONAL_MONETARY_FUND
TURQUÍA	EDITORIAL	ORGANIZACIÓN_PARA_LA_COOPERACIÓN_Y_EL_DESARROLLO_ECONÓMICOS
TURQUÍA	FRONTERA_CON	2816&NBSP;KM
TURQUÍA	GOBIERNO	REPÚBLICA_PRESIDENCIALISTA
TURQUÍA	IDIOMA	INGLÉS
TURQUÍA	IDIOMA	TURCO
TURQUÍA	MIEMBRO_DE	OCDE
TURQUÍA	MIEMBRO_DE	ONU
TURQUÍA	MIEMBRO_DE	OSCE
TURQUÍA	MIEMBRO_DE	OTAN
TURQUÍA	MONEDA	LIRA_TURCAREFN
TURQUÍA	PREFIJO_RADIOFÓNICO	YMA-YMZ_/_TAA-TCZ
URUGUAY	CAPITAL	MONTEVIDEO
URUGUAY	CIUDAD_MÁS_POBLADA	MONTEVIDEO
URUGUAY	CODIGO_ISO	858/URY/UY
URUGUAY	CREADO_POR	CIA
URUGUAY	EDITORIAL	BANCO_MUNDIAL
URUGUAY	EDITORIAL	REAL_ACADEMIA_ESPAÑOLA
URUGUAY	FRONTERA_CON	1591
URUGUAY	GOBIERNO	REPÚBLICA
URUGUAY	IDIOMA	EN
URUGUAY	LEMA_NACIONAL	LIBERTAD_O_MUERTE
URUGUAY	PREFIJO_RADIOFÓNICO	CVA-CXZ
VENEZUELA	CAPITAL	CARACAS
VENEZUELA	CIUDAD_MÁS_POBLADA	CARACAS
VENEZUELA	CODIGO_ISO	862/VEN/VE
VENEZUELA	FRONTERA_CON	4993&NBSP;
VENEZUELA	IDIOMA	INGLÉS
VENEZUELA	LEMA_NACIONAL	DIOS_Y_FEDERACIÓN&NBSP;REF_DE_FICHA
VENEZUELA	PREFIJO_RADIOFÓNICO	YVA-YYZ/4MA-4MZ
