FLINN III Y LOS PROTAGONISTAS	ES	Christopher Plummer Jonathan Banks
MÁS CONOCIDO COMO OSCARCITO O YAKOZUKI	ES	productor musical cantante compositor
EL REINO DE RYŪKYŪ	ES	reino independiente
TREVOR STINES	ES	actor
MARZIA RITA GISELA PIAZZA SUPRANI	ES	a reina de belleza
PUES	ES	primera finalista del certamen
PÓLUX —LA GIGANTE NARANJA MÁS PRÓXIMA AL SOL—	ES	66% mayor mientras
AL IGUAL QUE EL SOL, NO	TIENE	ninguna compañera estelar
ZDENĚK ŠTĚPÁNEK	ES	dramaturgo
SE TRATA DEL PRIMER ÁLBUM EN VIVO DE LA BANDA DESDE BEAST OVER HAMMERSMITH DE 2002 QUE NO	ES	producido por Kevin Shirley
EN EL ÁMBITO EMPRESARIAL	ES	aquel conjunto de actividades
RABEMANANJARA OCUPÓ EL CARGO DE DIRECTOR DEL GABINETE MILITAR DE LA PRESIDENCIA EN 2004 Y TAMBIÉN	ES	Ministro de Interior
JUAN MONEO	ES	hermano de Manuel Moneo
EPIGMENIO DE LA PIEDRA AUREOLES	ES	presbítero
AURORA BADO	ES	a deportista de Italia
KLEBANG	ES	a localidad
SIN EMBARGO ESTA ÚLTIMA VERSIÓN NO	INCLUYE	Peace Walker
OLIVIER PARDINI	ES	ciclista belga
DE LAS PLANTAS Y SUS PARTES	ES	muy esquemáticos
MARCILLY-EN-BEAUCE	ES	a comuna
LOUIS DE BÉCHAMEIL MARQUÉS DE NOINTEL	ES	financiero francés
MATÍAS LESCANO	ES	exjugador de baloncesto argentino
EN ALGUNAS PARTES SE AFIRMA QUE EL SIGNIFICADO DE ESTE NOMBRE SERÍA: AQUELLA QUE ES REFRESCANTE O JUVENIL	TIENE	gracia
MANUEL SÁTIRO DE OLIVEIRA DIAS	ES	médico
SIMON THEODOR AUFRECHT	ES	indólogo alemán
AUFRECHT NACIÓ EN LESCHNITZ	ES	educado en Berlín
CELESTINO VEGA MATEOS	ES	médico humanista
FRANCISCO DE ZABÁLBURU Y BASABE	ES	mecenas financiero terrateniente bibliófilo
DISCO	ES	nzado en edición limitada
ÉRIZE-LA-PETITE	ES	a población
RAFAEL MOTA MURILLO	ES	sacerdote franciscano
LEONARDO ESTEBAN MONJE VALENZUELA	ES	exfutbolista chileno
JUGABA DE DELANTERO Y SU ÚLTIMO EQUIPO PROFESIONAL	ES	Coquimbo Unido
RAFAEL FONTANEDA IBÁÑEZ	ES	empresario industrial
MIRALI SHARIPOV	ES	deportista uzbeko
MICRORRELATO Y MINICUENTO SON LAS DENOMINACIONES DADAS PARA UN CONJUNTO DE OBRAS DIVERSAS CUYA PRINCIPAL CARACTERÍSTICA	ES	brevedad de su contenido
MÁS CONOCIDO POR SU APODO «TULA»	ES	futbolista argentino
IGUALANDO DE ESA MANERA EL RÉCORD QUE TAMBIÉN	TIENE	futbolista brasileño Paulo Valentim
Y RELACION DE LA EMBAJADA QUE RUY GONZALEZ DE CLAVIJO LE HIZO POR MANDADO DEL REY ENRIQUE III DE CASTILLA	ES	libro de viaje
ESTE LIBRO	ES	crónica del viaje
JEAN-NICOLAS NISSAGE SAGET	ES	político
JUEGO	ES	del género Beat'em up
CRÍTICA	ES	en general mediocre
SEGÚN EL ARTÍCULO 154 DE LA CONSTITUCIÓN ESPAÑOLA	ES	s de dirigir
ÚNICA EXCEPCIÓN	ES	durante 1941
FUMAREL CARIBLANCO ES UN AVE MARINA DE LA FAMILIA STERNIDAE	INCLUYE	fumareles
LICENCIA MIT	ES	a licencia de software
TEXTO DE LA LICENCIA NO	TIENE	copyright lo
A NO SER QUE SE INDIQUE	ES	a modificación
ALEXIS RICARDO ROJAS VILLALBA	ES	futbolista paraguayo
JUEGA DE MEDIOCAMPISTA OFENSIVO Y ACTUALMENTE NO	TIENE	equipo
NICHOLAS BARRY "NICKY" CHINN	ES	compositor
LA COMUNIDAD DE AGLOMERACIÓN LANNION-TRÉGOR COMUNIDAD O LANNION-TRÉGOR COMUNIDAD EN FRANCÉS ORIGINAL	ES	a estructura intercomunal
TERREMOTO DE CHILCA DE 2022	ES	terremoto de 5,4
VARIAS CASAS SE DERRUMBARON A	CAUSA	del terremoto
EL M'HIR	ES	municipio de la provincia
PAMELA STUPIA	ES	a youtuber periodista
AL PIE DEL VOLCÁN	UBICADO_EN	localidad de Buta Ranquil
COE FINCH AUSTIN	ES	botánico estadounidense
ANTONIO PEÑA Y GOÑI	ES	compositor crítico musical musicólogo
DEUTSCHE DENDROLOGIE	ES	libro con ilustraciones
ES UNA POLILLA DE COLOR MARRÓN PÁLIDO CON UNA ENVERGADURA	ES	de unos 20 milímetros
POR TANTO	PRODUCE	infertilidad en la mujer
MOTORES CON MÚLTIPLES BANCADAS	ES	más cortos
GENERALMENTE SE CONSIDERA QUE EL DUCADO DE IRLANDA HA SIDO UNO DE LA NOBLEZA DE INGLATERRA	ES	primera vez
EVALDAS ŠIŠKEVICIUS	ES	ciclista lituano
ROBERTO ESTRADA GARIBAY	ES	deportista mexicano
CONOCIDO COMO SANTARÚA	ES	pintor
JOEL BRANDON LÓPEZ PISSANO	ES	futbolista argentino
LA MARCHA POR ISRAEL	ES	a manifestación proisraelí
BALDE DEL ROSARIO O BALDES DEL ROSARIO	ES	a localidad
LA IDEALIZACIÓN	ES	proceso por el
MARÍA PAZ GORDILLO	ES	a deportista española
DARÍO	ES	nombre de origen persa
SIGNIFICADOS DEL NOMBRE SON: "EL	TIENE	Bien" "el
UBIQUITINA CARBOXIL-TERMINAL HIDROLASA 8	ES	a enzima
EN LA CULTURA CRISTIANA	ES	a breve oración
DISTRITO DE CHARLEVILLE-MÉZIÈRES	ES	distrito de Francia
ZAL BATMANGLIJ	ES	director
MÁS CONOCIDO COMO FRIÐRIK ÓMAR	ES	cantante islandés
DICHO NOMBRE TODAVÍA SE	USA	poéticamente en nuestros días
VUELO 825 DE AIR RHODESIA	ES	vuelo regular de pasajeros
EL AZKAR LUGO B	ES	segundo equipo
BATALLÓN	TIENE	dos roles principales
