abda	zaccur	2
abiathar	ahitub	2
abijah	adaiah	7
abijah	ahab	4
abijah	ahaziah	3
abijah	ahilud	6
abijah	amon	5
abijah	asa	6
abijah	baaseiah	7
abijah	baruch	7
abijah	cushi	6
abijah	hanani	5
abijah	imri	6
abijah	jehoahaz	3
abijah	jehoram	4
abijah	jehoshaphat	5
abijah	jehu	4
abijah	jeroham	8
abijah	jeshishai	7
abijah	joash	2
abijah	joiarib	8
abijah	joshibiah	5
abijah	josiah	4
abijah	kolaiah	5
abijah	maaseiah	6
abijah	michael	6
abijah	nebat	2
abijah	neriah	8
abijah	nimshi	5
abijah	omri	5
abijah	paruah	6
abijah	zephaniah	5
abimelech	adaiah	7
abimelech	ahab	4
abimelech	ahaziah	3
abimelech	ahilud	6
abimelech	ahimelech	2
abimelech	ahitub	3
abimelech	amon	5
abimelech	asa	6
abimelech	baaseiah	7
abimelech	baruch	7
abimelech	cushi	6
abimelech	hanani	5
abimelech	imri	6
abimelech	jehoahaz	3
abimelech	jehoram	4
abimelech	jehoshaphat	5
abimelech	jehu	4
abimelech	jeroham	8
abimelech	jeshishai	7
abimelech	joash	2
abimelech	joiarib	8
abimelech	joshibiah	5
abimelech	josiah	4
abimelech	kolaiah	5
abimelech	maaseiah	6
abimelech	michael	6
abimelech	neriah	8
abimelech	nimshi	5
abimelech	omri	5
abimelech	paruah	6
abimelech	zephaniah	5
abishua	aaron	3
abishua	dodai	3
abishua	dodo	3
abishua	eleazar	2
abishua	eli	2
absalom	jesse	2
achan	adaiah	8
achan	ahab	5
achan	ahaziah	4
achan	ahilud	7
achan	amon	6
achan	asa	7
achan	baaseiah	8
achan	baruch	8
achan	cushi	7
achan	hanani	6
achan	hassenuah	3
achan	imri	7
achan	jehoahaz	4
achan	jehoash	3
achan	jehoram	5
achan	jehoshaphat	6
achan	jehu	5
achan	jeroham	9
achan	jeshishai	8
achan	joash	3
achan	joiarib	9
achan	joshibiah	6
achan	josiah	5
achan	judah	2
achan	kolaiah	6
achan	maaseiah	7
achan	michael	7
achan	neriah	9
achan	nimshi	6
achan	omri	6
achan	paruah	7
achan	zephaniah	6
achbor	azaliah	4
achbor	gemariah	2
achbor	hilkiah	3
achbor	imla	2
achbor	imlah	2
achbor	shaphan	3
achbor	zaccur	2
adoniram	shammua	2
adoniram	zaccur	3
ahab	adaiah	3
ahab	baaseiah	3
ahab	baruch	3
ahab	imri	2
ahab	jeroham	4
ahab	jeshishai	3
ahab	joiarib	4
ahab	maaseiah	2
ahab	michael	2
ahab	neriah	4
ahaz	adaiah	8
ahaz	ahab	5
ahaz	ahaziah	4
ahaz	ahilud	7
ahaz	amon	6
ahaz	asa	7
ahaz	baaseiah	8
ahaz	baruch	8
ahaz	cushi	7
ahaz	hanani	6
ahaz	imri	7
ahaz	jehoahaz	4
ahaz	jehoram	5
ahaz	jehoshaphat	6
ahaz	jehu	5
ahaz	jeroham	9
ahaz	jerubbaal	2
ahaz	jeshishai	8
ahaz	joash	3
ahaz	joiarib	9
ahaz	joshibiah	6
ahaz	josiah	5
ahaz	kolaiah	6
ahaz	maaseiah	7
ahaz	michael	7
ahaz	neriah	9
ahaz	nimshi	6
ahaz	omri	6
ahaz	paruah	7
ahaz	uzziah	2
ahaz	zephaniah	6
ahaziah	adaiah	4
ahaziah	ahilud	3
ahaziah	asa	3
ahaziah	baaseiah	4
ahaziah	baruch	4
ahaziah	imri	3
ahaziah	jehoshaphat	2
ahaziah	jeroham	5
ahaziah	jeshishai	4
ahaziah	joiarib	5
ahaziah	kolaiah	2
ahaziah	maaseiah	3
ahaziah	michael	3
ahaziah	neriah	5
ahaziah	omri	2
ahaziah	paruah	3
ahikam	azaliah	2
ahimaaz	ahitub	2
ahinadab	abdi	6
ahinadab	abiathar	4
ahinadab	abiel	6
ahinadab	adaiah	7
ahinadab	ahab	6
ahinadab	ahaziah	5
ahinadab	ahilud	7
ahinadab	ahimelech	5
ahinadab	ahitub	6
ahinadab	amariah	3
ahinadab	amon	7
ahinadab	asa	4
ahinadab	asahel	4
ahinadab	azariah	4
ahinadab	baaseiah	9
ahinadab	baruch	7
ahinadab	bebai	3
ahinadab	benaiah	4
ahinadab	berechiah	3
ahinadab	cis	5
ahinadab	cushi	6
ahinadab	eliashib	6
ahinadab	gershom	4
ahinadab	hakkatan	6
ahinadab	hanani	7
ahinadab	hilkiah	5
ahinadab	hoshaiah	5
ahinadab	immer	4
ahinadab	imnah	5
ahinadab	imri	8
ahinadab	jeberechiah	3
ahinadab	jehallelel	5
ahinadab	jehoahaz	5
ahinadab	jehoiada	3
ahinadab	jehoram	5
ahinadab	jehoshaphat	6
ahinadab	jehu	6
ahinadab	jeiel	5
ahinadab	jeroboam	3
ahinadab	jeroham	5
ahinadab	jeshishai	9
ahinadab	joash	4
ahinadab	johanan	5
ahinadab	joiarib	8
ahinadab	jonathan	3
ahinadab	joshibiah	7
ahinadab	josiah	6
ahinadab	kareah	6
ahinadab	kish	5
ahinadab	kolaiah	7
ahinadab	kore	4
ahinadab	maaseiah	6
ahinadab	malchijah	4
ahinadab	malluch	7
ahinadab	meshelemiah	3
ahinadab	meshillemoth	4
ahinadab	michael	8
ahinadab	nathan	5
ahinadab	nebat	4
ahinadab	neriah	8
ahinadab	nimshi	7
ahinadab	obed	5
ahinadab	oded	5
ahinadab	omri	7
ahinadab	paruah	7
ahinadab	pashhur	3
ahinadab	saul	4
ahinadab	shagee	4
ahinadab	shimea	4
ahinadab	uzziah	4
ahinadab	zadok	5
ahinadab	zechariah	2
ahinadab	zephaniah	5
allon	joiarib	2
amariah	adaiah	4
amariah	ahab	3
amariah	ahilud	4
amariah	ahitub	3
amariah	asa	4
amariah	baaseiah	6
amariah	baruch	4
amariah	cushi	3
amariah	eliashib	3
amariah	hakkatan	3
amariah	hilkiah	2
amariah	hoshaiah	2
amariah	imri	5
amariah	jehallelel	2
amariah	jehoram	2
amariah	jehoshaphat	3
amariah	jeroham	2
amariah	jeshishai	6
amariah	johanan	2
amariah	joiarib	5
amariah	kareah	3
amariah	kolaiah	4
amariah	maaseiah	3
amariah	michael	5
amariah	nathan	2
amariah	neriah	5
amariah	obed	2
amariah	oded	2
amariah	omri	4
amariah	paruah	4
amariah	zadok	2
amariah	zephaniah	2
amashsai	jeroham	2
amaziah	adaiah	6
amaziah	ahab	3
amaziah	ahaziah	2
amaziah	ahilud	5
amaziah	amon	4
amaziah	asa	5
amaziah	baaseiah	6
amaziah	baruch	6
amaziah	cushi	5
amaziah	hanani	4
amaziah	imri	5
amaziah	jehoahaz	2
amaziah	jehoram	3
amaziah	jehoshaphat	4
amaziah	jehu	3
amaziah	jeroham	7
amaziah	jeshishai	6
amaziah	joiarib	7
amaziah	joshibiah	4
amaziah	josiah	3
amaziah	kolaiah	4
amaziah	maaseiah	5
amaziah	michael	5
amaziah	neriah	7
amaziah	nimshi	4
amaziah	omri	4
amaziah	paruah	5
amaziah	zephaniah	4
amnon	jesse	2
asaph	asa	2
asaph	meshillemoth	2
azariah	adaiah	3
azariah	ahab	2
azariah	ahilud	3
azariah	ahitub	2
azariah	asa	3
azariah	baaseiah	5
azariah	baruch	3
azariah	cushi	2
azariah	eliashib	2
azariah	hakkatan	2
azariah	imri	4
azariah	jehoshaphat	2
azariah	jeshishai	5
azariah	joiarib	4
azariah	kareah	2
azariah	kolaiah	3
azariah	maaseiah	2
azariah	michael	4
azariah	neriah	4
azariah	omri	3
azariah	paruah	3
azrikam	adaiah	8
azrikam	ahab	5
azrikam	ahaziah	4
azrikam	ahilud	7
azrikam	amaziah	2
azrikam	amon	6
azrikam	asa	7
azrikam	baaseiah	8
azrikam	baruch	8
azrikam	cushi	7
azrikam	hanani	6
azrikam	imri	7
azrikam	jehoahaz	4
azrikam	jehoram	5
azrikam	jehoshaphat	6
azrikam	jehu	5
azrikam	jeroham	9
azrikam	jeshishai	8
azrikam	joash	3
azrikam	joiarib	9
azrikam	joshibiah	6
azrikam	josiah	5
azrikam	kemuel	2
azrikam	kolaiah	6
azrikam	maaseiah	7
azrikam	mattaniah	2
azrikam	mica	3
azrikam	michael	7
azrikam	neriah	9
azrikam	nimshi	6
azrikam	omri	6
azrikam	paruah	7
azrikam	shiphtan	3
azrikam	zephaniah	6
baasha	ahitub	2
christ	jesse	2
coniah	adaiah	5
coniah	amon	3
coniah	baruch	5
coniah	cushi	4
coniah	jeroham	6
coniah	joiarib	6
coniah	josiah	2
coniah	maaseiah	4
coniah	neriah	6
coniah	zephaniah	3
delaiah	hasshub	2
delaiah	mattaniah	2
delaiah	mica	3
delaiah	nethanel	2
delaiah	zuar	3
ebed	abdi	4
ebed	abiathar	2
ebed	abiel	4
ebed	ahimelech	3
ebed	ahitub	4
ebed	asahel	2
ebed	cis	3
ebed	gershom	2
ebed	kish	3
ebed	malluch	5
ebed	saul	2
ebed	shagee	2
ebed	shimea	2
ebed	uzziah	2
ebiasaph	alphaeus	5
ebiasaph	israel	5
ebiasaph	izhar	2
ebiasaph	kohath	3
ebiasaph	levi	4
eden	asa	4
eden	asaph	2
eden	berechiah	3
eden	joahaz	2
eden	meshillemoth	4
eden	zimmah	2
elah	ahijah	2
elah	ahitub	3
elah	bani	2
elasah	azaliah	2
eleazar	eli	2
elhanan	adaiah	12
elhanan	ahab	9
elhanan	ahaz	4
elhanan	ahaziah	8
elhanan	ahilud	11
elhanan	amon	10
elhanan	asa	11
elhanan	baaseiah	12
elhanan	baruch	12
elhanan	cushi	11
elhanan	hanani	10
elhanan	hezekiah	3
elhanan	imri	11
elhanan	israel	4
elhanan	jehoahaz	8
elhanan	jehoram	9
elhanan	jehoshaphat	10
elhanan	jehu	9
elhanan	jeroham	13
elhanan	jerubbaal	6
elhanan	jeshishai	12
elhanan	joash	7
elhanan	joiarib	13
elhanan	joseph	3
elhanan	joshibiah	10
elhanan	josiah	9
elhanan	jotham	5
elhanan	kolaiah	10
elhanan	maaseiah	11
elhanan	manasseh	2
elhanan	michael	11
elhanan	neriah	13
elhanan	nimshi	10
elhanan	omri	10
elhanan	paruah	11
elhanan	uzziah	6
elhanan	zephaniah	10
eliasaph	basemath	2
eliasaph	ibnijah	2
eliehoenai	bani	3
eliehoenai	uzzi	2
eliezer	asa	4
eliezer	asaph	2
eliezer	berechiah	3
eliezer	meshillemoth	4
elisha	adlai	2
elisha	hori	2
elishaphat	asa	4
elishaphat	asaph	2
elishaphat	berechiah	3
elishaphat	meshillemoth	4
elkanah	adaiah	5
elkanah	ahab	4
elkanah	ahilud	5
elkanah	ahitub	4
elkanah	asa	5
elkanah	asaph	3
elkanah	azariah	2
elkanah	baaseiah	7
elkanah	baruch	5
elkanah	berechiah	4
elkanah	cushi	4
elkanah	eliashib	4
elkanah	hakkatan	4
elkanah	hilkiah	3
elkanah	hoshaiah	3
elkanah	imri	6
elkanah	jehallelel	3
elkanah	jehoram	3
elkanah	jehoshaphat	4
elkanah	jeshishai	7
elkanah	johanan	3
elkanah	joiarib	6
elkanah	kareah	4
elkanah	kolaiah	5
elkanah	maaseiah	4
elkanah	meshillemoth	5
elkanah	michael	6
elkanah	nathan	3
elkanah	neriah	6
elkanah	obed	3
elkanah	oded	3
elkanah	omri	5
elkanah	paruah	5
elkanah	pedaiah	2
elkanah	samuel	2
elkanah	zadok	3
elkanah	zephaniah	3
elkanah	zichri	2
elnathan	azaliah	5
elnathan	gemariah	3
elnathan	hilkiah	4
elnathan	imla	3
elnathan	imlah	3
elnathan	micaiah	2
elnathan	shaphan	4
elnathan	zaccur	3
ethni	adaiah	8
ethni	ahab	5
ethni	ahaziah	4
ethni	ahilud	7
ethni	amon	6
ethni	asa	7
ethni	baaseiah	8
ethni	baruch	8
ethni	cushi	7
ethni	hanani	6
ethni	hassenuah	3
ethni	imri	7
ethni	jehoahaz	4
ethni	jehoash	3
ethni	jehoram	5
ethni	jehoshaphat	6
ethni	jehu	5
ethni	jeroham	9
ethni	jeshishai	8
ethni	joash	3
ethni	joiarib	9
ethni	joshibiah	6
ethni	josiah	5
ethni	judah	2
ethni	kolaiah	6
ethni	maaseiah	7
ethni	michael	7
ethni	neriah	9
ethni	nimshi	6
ethni	omri	6
ethni	paruah	7
ethni	zephaniah	6
ezra	asiel	2
ezra	azriel	2
ezra	hilkiah	2
ezra	tanhumeth	2
gaal	abdi	5
gaal	abiathar	3
gaal	abiel	5
gaal	ahimelech	4
gaal	ahitub	5
gaal	asahel	3
gaal	cis	4
gaal	gershom	3
gaal	jonathan	2
gaal	kish	4
gaal	malluch	6
gaal	saul	3
gaal	shagee	3
gaal	shimea	3
gaal	uzziah	3
gedaliah	adaiah	5
gedaliah	ahab	4
gedaliah	ahilud	5
gedaliah	ahitub	4
gedaliah	asa	5
gedaliah	azaliah	3
gedaliah	azariah	2
gedaliah	baaseiah	7
gedaliah	baruch	5
gedaliah	cushi	4
gedaliah	eliashib	4
gedaliah	hakkatan	4
gedaliah	hilkiah	3
gedaliah	hoshaiah	3
gedaliah	immer	2
gedaliah	imri	6
gedaliah	jehallelel	3
gedaliah	jehoram	3
gedaliah	jehoshaphat	4
gedaliah	jeroham	3
gedaliah	jeshishai	7
gedaliah	johanan	3
gedaliah	joiarib	6
gedaliah	kareah	4
gedaliah	kolaiah	5
gedaliah	maaseiah	4
gedaliah	malchijah	2
gedaliah	michael	6
gedaliah	nathan	3
gedaliah	neriah	6
gedaliah	obed	3
gedaliah	oded	3
gedaliah	omri	5
gedaliah	paruah	5
gedaliah	shaphan	2
gedaliah	zadok	3
gedaliah	zephaniah	3
gemariah	azaliah	2
gideon	adaiah	6
gideon	ahab	3
gideon	ahaziah	2
gideon	ahilud	5
gideon	amon	4
gideon	asa	5
gideon	baaseiah	6
gideon	baruch	6
gideon	cushi	5
gideon	hanani	4
gideon	imri	5
gideon	jehoahaz	2
gideon	jehoram	3
gideon	jehoshaphat	4
gideon	jehu	3
gideon	jeroham	7
gideon	jeshishai	6
gideon	joiarib	7
gideon	joshibiah	4
gideon	josiah	3
gideon	kolaiah	4
gideon	maaseiah	5
gideon	michael	5
gideon	neriah	7
gideon	nimshi	4
gideon	omri	4
gideon	paruah	5
gideon	zephaniah	4
gilead	adaiah	12
gilead	ahab	9
gilead	ahaz	4
gilead	ahaziah	8
gilead	ahilud	11
gilead	ammiel	2
gilead	amon	10
gilead	asa	11
gilead	baaseiah	12
gilead	baruch	12
gilead	cushi	11
gilead	gemalli	3
gilead	hanani	10
gilead	hezekiah	3
gilead	imri	11
gilead	israel	4
gilead	jehoahaz	8
gilead	jehoram	9
gilead	jehoshaphat	10
gilead	jehu	9
gilead	jeroham	13
gilead	jerubbaal	6
gilead	jeshishai	12
gilead	joash	7
gilead	joiarib	13
gilead	joseph	3
gilead	joshibiah	10
gilead	josiah	9
gilead	jotham	5
gilead	kolaiah	10
gilead	maaseiah	11
gilead	manasseh	2
gilead	michael	11
gilead	neriah	13
gilead	nimshi	10
gilead	omri	10
gilead	paruah	11
gilead	uzziah	6
gilead	zephaniah	10
hanamel	adaiah	5
hanamel	ahitub	3
hanamel	amon	3
hanamel	baruch	5
hanamel	cushi	4
hanamel	imnah	3
hanamel	jabesh	2
hanamel	jeroham	6
hanamel	joiarib	6
hanamel	josiah	2
hanamel	kore	2
hanamel	maaseiah	4
hanamel	neriah	6
hanamel	tikvah	2
hanamel	tokhath	2
hanamel	zadok	2
hanamel	zephaniah	3
hanan	azaliah	5
hanan	gemariah	3
hanan	hilkiah	4
hanan	imla	3
hanan	imlah	3
hanan	micaiah	2
hanan	shaphan	4
hashabiah	adaiah	7
hashabiah	ahab	4
hashabiah	ahaziah	3
hashabiah	ahilud	6
hashabiah	amon	5
hashabiah	asa	6
hashabiah	baaseiah	7
hashabiah	baruch	7
hashabiah	cushi	6
hashabiah	hanani	5
hashabiah	imri	6
hashabiah	jehoahaz	3
hashabiah	jehoram	4
hashabiah	jehoshaphat	5
hashabiah	jehu	4
hashabiah	jeroham	8
hashabiah	jeshishai	7
hashabiah	joash	2
hashabiah	joiarib	8
hashabiah	joshibiah	5
hashabiah	josiah	4
hashabiah	kolaiah	5
hashabiah	maaseiah	6
hashabiah	mica	2
hashabiah	michael	6
hashabiah	neriah	8
hashabiah	nimshi	5
hashabiah	omri	5
hashabiah	paruah	6
hashabiah	shiphtan	2
hashabiah	zephaniah	5
heman	adaiah	5
heman	ahab	4
heman	ahilud	5
heman	ahitub	4
heman	asa	5
heman	asaph	3
heman	azariah	2
heman	baaseiah	7
heman	baruch	5
heman	berechiah	4
heman	cushi	4
heman	eliashib	4
heman	hakkatan	4
heman	hilkiah	3
heman	hoshaiah	3
heman	imri	6
heman	jehallelel	3
heman	jehoram	3
heman	jehoshaphat	4
heman	jeroham	3
heman	jeshishai	7
heman	johanan	3
heman	joiarib	6
heman	kareah	4
heman	kolaiah	5
heman	maaseiah	4
heman	meshillemoth	5
heman	michael	6
heman	nathan	3
heman	neriah	6
heman	obed	3
heman	oded	3
heman	omri	5
heman	paruah	5
heman	pedaiah	2
heman	samuel	2
heman	zadok	3
heman	zephaniah	3
heman	zichri	2
hen	adaiah	3
hen	baruch	3
hen	cushi	2
hen	jeroham	4
hen	joiarib	4
hen	maaseiah	2
hen	neriah	4
hezekiah	adaiah	9
hezekiah	ahab	6
hezekiah	ahaziah	5
hezekiah	ahilud	8
hezekiah	amon	7
hezekiah	asa	8
hezekiah	baaseiah	9
hezekiah	baruch	9
hezekiah	cushi	8
hezekiah	hanani	7
hezekiah	imri	8
hezekiah	jehoahaz	5
hezekiah	jehoram	6
hezekiah	jehoshaphat	7
hezekiah	jehu	6
hezekiah	jeroham	10
hezekiah	jerubbaal	3
hezekiah	jeshishai	9
hezekiah	joash	4
hezekiah	joiarib	10
hezekiah	joshibiah	7
hezekiah	josiah	6
hezekiah	jotham	2
hezekiah	kolaiah	7
hezekiah	maaseiah	8
hezekiah	michael	8
hezekiah	neriah	10
hezekiah	nimshi	7
hezekiah	omri	7
hezekiah	paruah	8
hezekiah	uzziah	3
hezekiah	zephaniah	7
hobab	basemath	2
hobab	ibnijah	2
hoshea	ahijah	3
hoshea	ahitub	4
hoshea	baasha	2
hoshea	bani	3
hoshea	uzzi	2
iddo	abdi	5
iddo	abiathar	3
iddo	abiel	5
iddo	adaiah	6
iddo	ahab	5
iddo	ahaziah	4
iddo	ahilud	6
iddo	ahimelech	4
iddo	ahitub	5
iddo	amariah	2
iddo	amon	6
iddo	asa	3
iddo	asahel	3
iddo	azariah	3
iddo	baaseiah	8
iddo	baruch	6
iddo	bebai	2
iddo	benaiah	3
iddo	berechiah	2
iddo	cis	4
iddo	cushi	5
iddo	eliashib	5
iddo	gershom	3
iddo	hakkatan	5
iddo	hanani	6
iddo	hilkiah	4
iddo	hoshaiah	4
iddo	immer	3
iddo	imnah	4
iddo	imri	7
iddo	jeberechiah	2
iddo	jehallelel	4
iddo	jehoahaz	4
iddo	jehoiada	2
iddo	jehoram	4
iddo	jehoshaphat	5
iddo	jehu	5
iddo	jeiel	4
iddo	jeroboam	2
iddo	jeroham	4
iddo	jeshishai	8
iddo	joash	3
iddo	johanan	4
iddo	joiarib	7
iddo	jonathan	2
iddo	joshibiah	6
iddo	josiah	5
iddo	kareah	5
iddo	kish	4
iddo	kolaiah	6
iddo	kore	3
iddo	maaseiah	5
iddo	malchijah	3
iddo	malluch	6
iddo	meshelemiah	2
iddo	meshillemoth	3
iddo	michael	7
iddo	nathan	4
iddo	nebat	3
iddo	neriah	7
iddo	nimshi	6
iddo	obed	4
iddo	oded	4
iddo	omri	6
iddo	paruah	6
iddo	pashhur	2
iddo	saul	3
iddo	shagee	3
iddo	shimea	3
iddo	uzziah	3
iddo	zadok	4
iddo	zephaniah	4
igal	israel	2
irijah	abdeel	2
irijah	cushi	2
iscariot	jona	2
ishbosheth	abdi	3
ishbosheth	abiel	3
ishbosheth	cis	2
ishbosheth	kish	2
ishbosheth	malluch	4
ishmael	eliashib	2
ishmaiah	delaiah	3
ishmaiah	hachmoni	3
ishmaiah	hasshub	3
ishmaiah	jehiel	2
ishmaiah	mattaniah	3
ishmaiah	mica	4
ishmaiah	nethanel	3
ishmaiah	shemaiah	2
ishmaiah	zuar	4
ithiel	athaliah	2
izhar	alphaeus	3
izhar	israel	3
izhar	levi	2
jaasiel	ner	2
jaazaniah	azaliah	2
jahaziel	abdi	5
jahaziel	abiathar	3
jahaziel	abiel	5
jahaziel	adaiah	6
jahaziel	ahab	5
jahaziel	ahaziah	4
jahaziel	ahilud	6
jahaziel	ahimelech	4
jahaziel	ahitub	5
jahaziel	amariah	2
jahaziel	amon	6
jahaziel	asa	3
jahaziel	asahel	3
jahaziel	azariah	3
jahaziel	baaseiah	8
jahaziel	baruch	6
jahaziel	bebai	2
jahaziel	benaiah	3
jahaziel	berechiah	2
jahaziel	cis	4
jahaziel	cushi	5
jahaziel	eliashib	5
jahaziel	gershom	3
jahaziel	hakkatan	5
jahaziel	hanani	6
jahaziel	hilkiah	4
jahaziel	hoshaiah	4
jahaziel	iddo	2
jahaziel	immer	3
jahaziel	imnah	4
jahaziel	imri	7
jahaziel	jeberechiah	2
jahaziel	jehallelel	4
jahaziel	jehoahaz	4
jahaziel	jehoiada	2
jahaziel	jehoram	4
jahaziel	jehoshaphat	5
jahaziel	jehu	5
jahaziel	jeiel	4
jahaziel	jeroboam	2
jahaziel	jeroham	4
jahaziel	jeshishai	8
jahaziel	joash	3
jahaziel	johanan	4
jahaziel	joiarib	7
jahaziel	jonathan	2
jahaziel	joshibiah	6
jahaziel	josiah	5
jahaziel	kareah	5
jahaziel	kish	4
jahaziel	kolaiah	6
jahaziel	kore	3
jahaziel	maaseiah	5
jahaziel	malchijah	3
jahaziel	malluch	6
jahaziel	meshelemiah	2
jahaziel	meshillemoth	3
jahaziel	michael	7
jahaziel	nathan	4
jahaziel	nebat	3
jahaziel	neriah	7
jahaziel	nimshi	6
jahaziel	obed	4
jahaziel	oded	4
jahaziel	omri	6
jahaziel	paruah	6
jahaziel	pashhur	2
jahaziel	saul	3
jahaziel	shagee	3
jahaziel	shimea	3
jahaziel	uzziah	3
jahaziel	zadok	4
jahaziel	zephaniah	4
jahzerah	abital	3
jahzerah	ahitub	3
jahzerah	asa	3
jahzerah	berechiah	2
jahzerah	maacah	3
jahzerah	mahalalel	3
jahzerah	mattan	3
jahzerah	meshillemoth	3
jahzerah	shephatiah	2
jahzerah	zadok	2
jair	adaiah	11
jair	ahab	8
jair	ahaz	3
jair	ahaziah	7
jair	ahilud	10
jair	amon	9
jair	asa	10
jair	baaseiah	11
jair	baruch	11
jair	cushi	10
jair	hanani	9
jair	hezekiah	2
jair	imri	10
jair	israel	3
jair	jehoahaz	7
jair	jehoram	8
jair	jehoshaphat	9
jair	jehu	8
jair	jeroham	12
jair	jerubbaal	5
jair	jeshishai	11
jair	joash	6
jair	joiarib	12
jair	joseph	2
jair	joshibiah	9
jair	josiah	8
jair	jotham	4
jair	kolaiah	9
jair	maaseiah	10
jair	michael	10
jair	neriah	12
jair	nimshi	9
jair	omri	9
jair	paruah	10
jair	uzziah	5
jair	zephaniah	9
jaroah	adaiah	13
jaroah	ahab	10
jaroah	ahaz	5
jaroah	ahaziah	9
jaroah	ahilud	12
jaroah	ammiel	3
jaroah	amon	11
jaroah	asa	12
jaroah	baaseiah	13
jaroah	baruch	13
jaroah	cushi	12
jaroah	gemalli	4
jaroah	hanani	11
jaroah	hezekiah	4
jaroah	imri	12
jaroah	israel	5
jaroah	jehoahaz	9
jaroah	jehoram	10
jaroah	jehoshaphat	11
jaroah	jehu	10
jaroah	jeroham	14
jaroah	jerubbaal	7
jaroah	jeshishai	13
jaroah	joash	8
jaroah	joiarib	14
jaroah	joseph	4
jaroah	joshibiah	11
jaroah	josiah	10
jaroah	jotham	6
jaroah	kolaiah	11
jaroah	maaseiah	12
jaroah	machir	2
jaroah	manasseh	3
jaroah	michael	12
jaroah	neriah	14
jaroah	nimshi	11
jaroah	omri	11
jaroah	paruah	12
jaroah	uzziah	7
jaroah	zephaniah	11
jashobeam	haggedolim	2
jeconiah	adaiah	5
jeconiah	amon	3
jeconiah	baruch	5
jeconiah	cushi	4
jeconiah	jeroham	6
jeconiah	joiarib	6
jeconiah	josiah	2
jeconiah	maaseiah	4
jeconiah	neriah	6
jeconiah	zephaniah	3
jediael	delaiah	3
jediael	hasshub	3
jediael	mattaniah	3
jediael	mica	4
jediael	nethanel	3
jediael	shemaiah	2
jediael	zuar	4
jehizkiah	adaiah	5
jehizkiah	ahitub	3
jehizkiah	amon	3
jehizkiah	baruch	5
jehizkiah	cushi	4
jehizkiah	imnah	3
jehizkiah	jabesh	2
jehizkiah	jeroham	6
jehizkiah	joiarib	6
jehizkiah	josiah	2
jehizkiah	kore	2
jehizkiah	maaseiah	4
jehizkiah	neriah	6
jehizkiah	tikvah	2
jehizkiah	tokhath	2
jehizkiah	zadok	2
jehizkiah	zephaniah	3
jehoahaz	adaiah	4
jehoahaz	ahilud	3
jehoahaz	amon	2
jehoahaz	asa	3
jehoahaz	baruch	4
jehoahaz	cushi	3
jehoahaz	hanani	2
jehoahaz	jehoshaphat	2
jehoahaz	jeroham	5
jehoahaz	joiarib	5
jehoahaz	joshibiah	2
jehoahaz	maaseiah	3
jehoahaz	neriah	5
jehoahaz	nimshi	2
jehoahaz	paruah	3
jehoahaz	zephaniah	2
jehoash	adaiah	5
jehoash	ahilud	4
jehoash	amon	3
jehoash	asa	4
jehoash	baruch	5
jehoash	cushi	4
jehoash	hanani	3
jehoash	jehoshaphat	3
jehoash	jehu	2
jehoash	jeroham	6
jehoash	joiarib	6
jehoash	joshibiah	3
jehoash	josiah	2
jehoash	maaseiah	4
jehoash	neriah	6
jehoash	nimshi	3
jehoash	paruah	4
jehoash	zephaniah	3
jehoiada	jeiel	2
jehoiakim	adaiah	4
jehoiakim	amon	2
jehoiakim	baruch	4
jehoiakim	cushi	3
jehoiakim	jeroham	5
jehoiakim	joiarib	5
jehoiakim	maaseiah	3
jehoiakim	neriah	5
jehoiakim	zephaniah	2
jehoram	adaiah	4
jehoram	ahilud	2
jehoram	asa	2
jehoram	baaseiah	4
jehoram	baruch	4
jehoram	imri	3
jehoram	jeroham	5
jehoram	jeshishai	4
jehoram	joiarib	5
jehoram	kolaiah	2
jehoram	maaseiah	3
jehoram	michael	3
jehoram	neriah	5
jehoram	omri	2
jehoram	paruah	2
jehu	ahilud	2
jehu	asa	2
jehu	paruah	2
jehucal	abdeel	2
jehucal	cushi	2
jerimoth	jesse	2
jeroboam	adaiah	6
jeroboam	ahab	3
jeroboam	ahaziah	2
jeroboam	ahilud	5
jeroboam	amon	4
jeroboam	asa	5
jeroboam	baaseiah	6
jeroboam	baruch	6
jeroboam	cushi	5
jeroboam	hanani	4
jeroboam	imri	5
jeroboam	jehoahaz	2
jeroboam	jehoram	3
jeroboam	jehoshaphat	4
jeroboam	jehu	3
jeroboam	jeroham	7
jeroboam	jeshishai	6
jeroboam	joiarib	7
jeroboam	joshibiah	4
jeroboam	josiah	3
jeroboam	kolaiah	4
jeroboam	maaseiah	5
jeroboam	michael	5
jeroboam	neriah	7
jeroboam	nimshi	4
jeroboam	omri	4
jeroboam	paruah	5
jeroboam	zephaniah	4
jerubbaal	adaiah	6
jerubbaal	ahab	3
jerubbaal	ahaziah	2
jerubbaal	ahilud	5
jerubbaal	amon	4
jerubbaal	asa	5
jerubbaal	baaseiah	6
jerubbaal	baruch	6
jerubbaal	cushi	5
jerubbaal	hanani	4
jerubbaal	imri	5
jerubbaal	jehoahaz	2
jerubbaal	jehoram	3
jerubbaal	jehoshaphat	4
jerubbaal	jehu	3
jerubbaal	jeroham	7
jerubbaal	jeshishai	6
jerubbaal	joiarib	7
jerubbaal	joshibiah	4
jerubbaal	josiah	3
jerubbaal	kolaiah	4
jerubbaal	maaseiah	5
jerubbaal	michael	5
jerubbaal	neriah	7
jerubbaal	nimshi	4
jerubbaal	omri	4
jerubbaal	paruah	5
jerubbaal	zephaniah	4
jesus	israel	2
joah	asa	3
joah	berechiah	2
joah	meshillemoth	3
joash	adaiah	5
joash	ahab	2
joash	ahilud	4
joash	amon	3
joash	asa	4
joash	baaseiah	5
joash	baruch	5
joash	cushi	4
joash	hanani	3
joash	imri	4
joash	jehoram	2
joash	jehoshaphat	3
joash	jehu	2
joash	jeroham	6
joash	jeshishai	5
joash	joiarib	6
joash	joshibiah	3
joash	josiah	2
joash	kolaiah	3
joash	maaseiah	4
joash	michael	4
joash	neriah	6
joash	nimshi	3
joash	omri	3
joash	paruah	4
joash	zephaniah	3
jobab	adaiah	8
jobab	ahab	5
jobab	ahaziah	4
jobab	ahilud	7
jobab	amon	6
jobab	asa	7
jobab	baaseiah	8
jobab	baruch	8
jobab	cushi	7
jobab	hanani	6
jobab	hassenuah	3
jobab	imri	7
jobab	jehoahaz	4
jobab	jehoash	3
jobab	jehoram	5
jobab	jehoshaphat	6
jobab	jehu	5
jobab	jeroham	9
jobab	jeshishai	8
jobab	joash	3
jobab	joiarib	9
jobab	joshibiah	6
jobab	josiah	5
jobab	judah	2
jobab	kolaiah	6
jobab	maaseiah	7
jobab	michael	7
jobab	neriah	9
jobab	nimshi	6
jobab	omri	6
jobab	paruah	7
jobab	zephaniah	6
joel	adaiah	4
joel	ahab	3
joel	ahilud	4
joel	ahitub	3
joel	asa	4
joel	asaph	2
joel	baaseiah	6
joel	baruch	4
joel	berechiah	3
joel	cushi	3
joel	eliashib	3
joel	hakkatan	3
joel	hilkiah	2
joel	hoshaiah	2
joel	imri	5
joel	jehallelel	2
joel	jehoram	2
joel	jehoshaphat	3
joel	jeroham	2
joel	jeshishai	6
joel	johanan	2
joel	joiarib	5
joel	kareah	3
joel	kolaiah	4
joel	maaseiah	3
joel	meshillemoth	4
joel	michael	5
joel	nathan	2
joel	neriah	5
joel	obed	2
joel	oded	2
joel	omri	4
joel	paruah	4
joel	zadok	2
joel	zephaniah	2
joiakim	azaniah	2
joiakim	jozadak	2
joiakim	kadmiel	2
joiakim	nun	2
jonathan	abdi	3
jonathan	abiel	3
jonathan	ahimelech	2
jonathan	ahitub	3
jonathan	cis	2
jonathan	kish	2
jonathan	malluch	4
joram	adaiah	4
joram	baaseiah	4
joram	baruch	4
joram	imri	3
joram	jeroham	5
joram	jeshishai	4
joram	joiarib	5
joram	kolaiah	2
joram	maaseiah	3
joram	michael	3
joram	neriah	5
joram	omri	2
joshah	adaiah	7
joshah	ahab	4
joshah	ahaziah	3
joshah	ahilud	6
joshah	amon	5
joshah	asa	6
joshah	baaseiah	7
joshah	baruch	7
joshah	cushi	6
joshah	hanani	5
joshah	imri	6
joshah	jehoahaz	3
joshah	jehoram	4
joshah	jehoshaphat	5
joshah	jehu	4
joshah	jeroham	8
joshah	jeshishai	7
joshah	joash	2
joshah	joiarib	8
joshah	joshibiah	5
joshah	josiah	4
joshah	kolaiah	5
joshah	maaseiah	6
joshah	michael	6
joshah	neriah	8
joshah	nimshi	5
joshah	omri	5
joshah	paruah	6
joshah	zephaniah	5
josiah	adaiah	3
josiah	baruch	3
josiah	cushi	2
josiah	jeroham	4
josiah	joiarib	4
josiah	maaseiah	2
josiah	neriah	4
jotham	adaiah	7
jotham	ahab	4
jotham	ahaziah	3
jotham	ahilud	6
jotham	amon	5
jotham	asa	6
jotham	baaseiah	7
jotham	baruch	7
jotham	cushi	6
jotham	hanani	5
jotham	imri	6
jotham	jehoahaz	3
jotham	jehoram	4
jotham	jehoshaphat	5
jotham	jehu	4
jotham	jeroham	8
jotham	jeshishai	7
jotham	joash	2
jotham	joiarib	8
jotham	joshibiah	5
jotham	josiah	4
jotham	kolaiah	5
jotham	maaseiah	6
jotham	michael	6
jotham	neriah	8
jotham	nimshi	5
jotham	omri	5
jotham	paruah	6
jotham	zephaniah	5
jozabad	azaniah	2
jozabad	jozadak	2
jozabad	kadmiel	2
jozabad	nun	2
jucal	abdeel	2
jucal	cushi	2
judah	adaiah	6
judah	ahab	3
judah	ahaziah	2
judah	ahilud	5
judah	amon	4
judah	asa	5
judah	baaseiah	6
judah	baruch	6
judah	cushi	5
judah	hanani	4
judah	imri	5
judah	jehoahaz	2
judah	jehoram	3
judah	jehoshaphat	4
judah	jehu	3
judah	jeroham	7
judah	jeshishai	6
judah	joiarib	7
judah	joshibiah	4
judah	josiah	3
judah	kolaiah	4
judah	maaseiah	5
judah	michael	5
judah	neriah	7
judah	nimshi	4
judah	omri	4
judah	paruah	5
judah	zephaniah	4
kish	malluch	2
kohath	alphaeus	2
kohath	israel	2
kolaiah	adaiah	2
kolaiah	baruch	2
kolaiah	jeroham	3
kolaiah	joiarib	3
kolaiah	neriah	3
korah	alphaeus	4
korah	israel	4
korah	kohath	2
korah	levi	3
maaseiah	jeroham	2
maaseiah	joiarib	2
maaseiah	neriah	2
machir	adaiah	11
machir	ahab	8
machir	ahaz	3
machir	ahaziah	7
machir	ahilud	10
machir	amon	9
machir	asa	10
machir	baaseiah	11
machir	baruch	11
machir	cushi	10
machir	gemalli	2
machir	hanani	9
machir	hezekiah	2
machir	imri	10
machir	israel	3
machir	jehoahaz	7
machir	jehoram	8
machir	jehoshaphat	9
machir	jehu	8
machir	jeroham	12
machir	jerubbaal	5
machir	jeshishai	11
machir	joash	6
machir	joiarib	12
machir	joseph	2
machir	joshibiah	9
machir	josiah	8
machir	jotham	4
machir	kolaiah	9
machir	maaseiah	10
machir	michael	10
machir	neriah	12
machir	nimshi	9
machir	omri	9
machir	paruah	10
machir	uzziah	5
machir	zephaniah	9
mahli	alphaeus	2
mahli	israel	2
manasseh	adaiah	10
manasseh	ahab	7
manasseh	ahaz	2
manasseh	ahaziah	6
manasseh	ahilud	9
manasseh	amon	8
manasseh	asa	9
manasseh	baaseiah	10
manasseh	baruch	10
manasseh	cushi	9
manasseh	hanani	8
manasseh	imri	9
manasseh	israel	2
manasseh	jehoahaz	6
manasseh	jehoram	7
manasseh	jehoshaphat	8
manasseh	jehu	7
manasseh	jeroham	11
manasseh	jerubbaal	4
manasseh	jeshishai	10
manasseh	joash	5
manasseh	joiarib	11
manasseh	joshibiah	8
manasseh	josiah	7
manasseh	jotham	3
manasseh	kolaiah	8
manasseh	maaseiah	9
manasseh	michael	9
manasseh	neriah	11
manasseh	nimshi	8
manasseh	omri	8
manasseh	paruah	9
manasseh	uzziah	4
manasseh	zephaniah	8
mephibosheth	abdi	3
mephibosheth	abiathar	2
mephibosheth	abiel	3
mephibosheth	ahimelech	3
mephibosheth	ahitub	4
mephibosheth	asahel	2
mephibosheth	cis	2
mephibosheth	gershom	2
mephibosheth	kish	2
mephibosheth	malluch	4
mephibosheth	shagee	2
mephibosheth	shimea	2
mephibosheth	uzziah	2
merari	alphaeus	2
merari	israel	2
meremoth	delaiah	3
meremoth	hasshub	3
meremoth	mattaniah	3
meremoth	mica	4
meremoth	nethanel	3
meremoth	shemaiah	2
meremoth	zuar	4
meshelemiah	imnah	2
meshullam	abital	2
meshullam	ahitub	2
meshullam	asa	2
meshullam	maacah	2
meshullam	mahalalel	2
meshullam	mattan	2
meshullam	meshillemoth	2
micaiah	azaliah	3
micaiah	hilkiah	2
micaiah	shaphan	2
mordecai	adaiah	12
mordecai	ahab	9
mordecai	ahaz	4
mordecai	ahaziah	8
mordecai	ahilud	11
mordecai	amon	10
mordecai	asa	11
mordecai	baaseiah	12
mordecai	baruch	12
mordecai	cushi	11
mordecai	hanani	10
mordecai	hezekiah	3
mordecai	imri	11
mordecai	israel	4
mordecai	jehoahaz	8
mordecai	jehoram	9
mordecai	jehoshaphat	10
mordecai	jehu	9
mordecai	jeroham	13
mordecai	jerubbaal	6
mordecai	jeshishai	12
mordecai	joash	7
mordecai	joiarib	13
mordecai	joseph	3
mordecai	joshibiah	10
mordecai	josiah	9
mordecai	jotham	5
mordecai	kolaiah	10
mordecai	maaseiah	11
mordecai	manasseh	2
mordecai	michael	11
mordecai	neriah	13
mordecai	nimshi	10
mordecai	omri	10
mordecai	paruah	11
mordecai	uzziah	6
mordecai	zephaniah	10
nadab	adaiah	7
nadab	ahab	4
nadab	ahaziah	3
nadab	ahilud	6
nadab	amon	5
nadab	asa	6
nadab	baaseiah	7
nadab	baruch	7
nadab	cushi	6
nadab	hanani	5
nadab	imri	6
nadab	jehoahaz	3
nadab	jehoram	4
nadab	jehoshaphat	5
nadab	jehu	4
nadab	jeroham	8
nadab	jeshishai	7
nadab	joash	2
nadab	joiarib	8
nadab	joshibiah	5
nadab	josiah	4
nadab	kolaiah	5
nadab	maaseiah	6
nadab	michael	6
nadab	nebat	2
nadab	neriah	8
nadab	nimshi	5
nadab	omri	5
nadab	paruah	6
nadab	zephaniah	5
nazareth	israel	2
obadiah	delaiah	2
obadiah	hachmoni	2
obadiah	hasshub	2
obadiah	mattaniah	2
obadiah	mica	3
obadiah	nethanel	2
obadiah	zuar	3
omri	baaseiah	2
omri	jeshishai	2
pekahiah	gadi	2
pelaliah	bani	2
pelatiah	jehoiada	2
pelatiah	jeiel	2
perez	adaiah	7
perez	ahab	4
perez	ahaziah	3
perez	ahilud	6
perez	amon	5
perez	asa	6
perez	baaseiah	7
perez	baruch	7
perez	cushi	6
perez	hanani	5
perez	hassenuah	2
perez	imri	6
perez	jehoahaz	3
perez	jehoash	2
perez	jehoram	4
perez	jehoshaphat	5
perez	jehu	4
perez	jeroham	8
perez	jeshishai	7
perez	joash	2
perez	joiarib	8
perez	joshibiah	5
perez	josiah	4
perez	kolaiah	5
perez	maaseiah	6
perez	michael	6
perez	neriah	8
perez	nimshi	5
perez	omri	5
perez	paruah	6
perez	zephaniah	5
phinehas	aaron	2
phinehas	dodai	2
phinehas	dodo	2
preacher	jesse	2
rehoboam	david	2
rehoboam	jesse	3
sallu	abital	3
sallu	ahitub	3
sallu	asa	3
sallu	berechiah	2
sallu	maacah	3
sallu	mahalalel	3
sallu	mattan	3
sallu	meshillemoth	3
sallu	shephatiah	2
sallu	zadok	2
saul	abdi	2
saul	abiel	2
saul	malluch	3
sethur	baaseiah	2
sethur	jeshishai	2
shallum	adaiah	4
shallum	ahitub	2
shallum	amon	2
shallum	baruch	4
shallum	cushi	3
shallum	imnah	2
shallum	jeroham	5
shallum	joiarib	5
shallum	maaseiah	3
shallum	neriah	5
shallum	zephaniah	2
shecaniah	abdi	6
shecaniah	abiathar	4
shecaniah	abiel	6
shecaniah	adaiah	7
shecaniah	ahab	6
shecaniah	ahaziah	5
shecaniah	ahilud	7
shecaniah	ahimelech	5
shecaniah	ahitub	6
shecaniah	amariah	3
shecaniah	amon	7
shecaniah	asa	4
shecaniah	asahel	4
shecaniah	azariah	4
shecaniah	baaseiah	9
shecaniah	baruch	7
shecaniah	bebai	3
shecaniah	benaiah	4
shecaniah	berechiah	3
shecaniah	cis	5
shecaniah	cushi	6
shecaniah	eliashib	6
shecaniah	gershom	4
shecaniah	hachmoni	2
shecaniah	hakkatan	6
shecaniah	hanani	7
shecaniah	hilkiah	5
shecaniah	hoshaiah	5
shecaniah	iddo	3
shecaniah	immer	4
shecaniah	imnah	5
shecaniah	imri	8
shecaniah	jeberechiah	3
shecaniah	jehallelel	5
shecaniah	jehoahaz	5
shecaniah	jehoiada	3
shecaniah	jehoram	5
shecaniah	jehoshaphat	6
shecaniah	jehu	6
shecaniah	jeiel	5
shecaniah	jeroboam	3
shecaniah	jeroham	5
shecaniah	jeshishai	9
shecaniah	joash	4
shecaniah	johanan	5
shecaniah	joiarib	8
shecaniah	jonathan	3
shecaniah	joshibiah	7
shecaniah	josiah	6
shecaniah	kareah	6
shecaniah	kish	5
shecaniah	kolaiah	7
shecaniah	kore	4
shecaniah	maaseiah	6
shecaniah	malchijah	4
shecaniah	malluch	7
shecaniah	meshelemiah	3
shecaniah	meshillemoth	4
shecaniah	michael	8
shecaniah	nathan	5
shecaniah	nebat	4
shecaniah	neriah	8
shecaniah	nimshi	7
shecaniah	obed	5
shecaniah	oded	5
shecaniah	omri	7
shecaniah	paruah	7
shecaniah	pashhur	3
shecaniah	saul	4
shecaniah	shagee	4
shecaniah	shimea	4
shecaniah	uzziah	4
shecaniah	zadok	5
shecaniah	zechariah	2
shecaniah	zephaniah	5
shelah	adaiah	7
shelah	ahab	4
shelah	ahaziah	3
shelah	ahilud	6
shelah	amon	5
shelah	asa	6
shelah	baaseiah	7
shelah	baruch	7
shelah	cushi	6
shelah	hanani	5
shelah	hassenuah	2
shelah	imri	6
shelah	jehoahaz	3
shelah	jehoash	2
shelah	jehoram	4
shelah	jehoshaphat	5
shelah	jehu	4
shelah	jeroham	8
shelah	jeshishai	7
shelah	joash	2
shelah	joiarib	8
shelah	joshibiah	5
shelah	josiah	4
shelah	kolaiah	5
shelah	maaseiah	6
shelah	michael	6
shelah	neriah	8
shelah	nimshi	5
shelah	omri	5
shelah	paruah	6
shelah	zephaniah	5
shema	adaiah	5
shema	ahab	4
shema	ahilud	5
shema	ahitub	4
shema	asa	5
shema	asaph	3
shema	azariah	2
shema	baaseiah	7
shema	baruch	5
shema	berechiah	4
shema	cushi	4
shema	eliashib	4
shema	hakkatan	4
shema	hilkiah	3
shema	hoshaiah	3
shema	imri	6
shema	jehallelel	3
shema	jehoram	3
shema	jehoshaphat	4
shema	jeroham	3
shema	jeshishai	7
shema	johanan	3
shema	joiarib	6
shema	kareah	4
shema	kolaiah	5
shema	maaseiah	4
shema	meshillemoth	5
shema	michael	6
shema	nathan	3
shema	neriah	6
shema	obed	3
shema	oded	3
shema	omri	5
shema	paruah	5
shema	pedaiah	2
shema	samuel	2
shema	zadok	3
shema	zephaniah	3
shema	zichri	2
shemaiah	mica	2
shemaiah	zuar	2
shimei	abdi	2
shimei	abiel	2
shimei	malluch	3
shimri	delaiah	2
shimri	hasshub	2
shimri	mattaniah	2
shimri	mica	3
shimri	nethanel	2
shimri	zuar	3
solomon	jesse	2
uriah	delaiah	2
uriah	hasshub	2
uriah	mattaniah	2
uriah	mica	3
uriah	nethanel	2
uriah	zuar	3
zabdi	adaiah	8
zabdi	ahab	5
zabdi	ahaziah	4
zabdi	ahilud	7
zabdi	amon	6
zabdi	asa	3
zabdi	baaseiah	8
zabdi	baruch	8
zabdi	berechiah	2
zabdi	cushi	7
zabdi	hanani	6
zabdi	hassenuah	3
zabdi	imri	7
zabdi	jehoahaz	4
zabdi	jehoash	3
zabdi	jehoram	5
zabdi	jehoshaphat	6
zabdi	jehu	5
zabdi	jeroham	9
zabdi	jeshishai	8
zabdi	joash	3
zabdi	joiarib	9
zabdi	joshibiah	6
zabdi	josiah	5
zabdi	judah	2
zabdi	kolaiah	6
zabdi	maaseiah	7
zabdi	meshillemoth	3
zabdi	michael	7
zabdi	neriah	9
zabdi	nimshi	6
zabdi	omri	6
zabdi	paruah	7
zabdi	zephaniah	6
zebadiah	baaseiah	2
zebadiah	eliashib	3
zebadiah	jehohanan	2
zebadiah	jeshishai	2
zebadiah	nethaniah	2
zechariah	abdi	4
zechariah	abiathar	2
zechariah	abiel	4
zechariah	adaiah	5
zechariah	ahab	4
zechariah	ahaziah	3
zechariah	ahilud	5
zechariah	ahimelech	3
zechariah	ahitub	4
zechariah	amon	5
zechariah	asa	2
zechariah	asahel	2
zechariah	azariah	2
zechariah	baaseiah	7
zechariah	baruch	5
zechariah	benaiah	2
zechariah	cis	3
zechariah	cushi	4
zechariah	eliashib	4
zechariah	gershom	2
zechariah	hakkatan	4
zechariah	hanani	5
zechariah	hilkiah	3
zechariah	hoshaiah	3
zechariah	immer	2
zechariah	imnah	3
zechariah	imri	6
zechariah	jehallelel	3
zechariah	jehoahaz	3
zechariah	jehoram	3
zechariah	jehoshaphat	4
zechariah	jehu	4
zechariah	jeiel	3
zechariah	jeroham	3
zechariah	jeshishai	7
zechariah	joash	2
zechariah	johanan	3
zechariah	joiarib	6
zechariah	joshibiah	5
zechariah	josiah	4
zechariah	kareah	4
zechariah	kish	3
zechariah	kolaiah	5
zechariah	kore	2
zechariah	maaseiah	4
zechariah	malchijah	2
zechariah	malluch	5
zechariah	meshillemoth	2
zechariah	michael	6
zechariah	nathan	3
zechariah	nebat	2
zechariah	neriah	6
zechariah	nimshi	5
zechariah	obed	3
zechariah	oded	3
zechariah	omri	5
zechariah	paruah	5
zechariah	saul	2
zechariah	shagee	2
zechariah	shimea	2
zechariah	uzziah	2
zechariah	zadok	3
zechariah	zephaniah	3
zedekiah	adaiah	2
zedekiah	amon	2
zedekiah	azzur	2
zedekiah	baruch	2
zedekiah	cushi	3
zedekiah	jeroham	3
zedekiah	joiarib	3
zedekiah	neriah	3
zedekiah	zephaniah	2
zephaniah	adaiah	2
zephaniah	baruch	2
zephaniah	jeroham	3
zephaniah	joiarib	3
zephaniah	neriah	3
zerah	adaiah	7
zerah	ahab	4
zerah	ahaziah	3
zerah	ahilud	6
zerah	amon	5
zerah	asa	6
zerah	baaseiah	7
zerah	baruch	7
zerah	cushi	6
zerah	hanani	5
zerah	hassenuah	2
zerah	imri	6
zerah	jehoahaz	3
zerah	jehoash	2
zerah	jehoram	4
zerah	jehoshaphat	5
zerah	jehu	4
zerah	jeroham	8
zerah	jeshishai	7
zerah	joash	2
zerah	joiarib	8
zerah	joshibiah	5
zerah	josiah	4
zerah	kolaiah	5
zerah	maaseiah	6
zerah	michael	6
zerah	neriah	8
zerah	nimshi	5
zerah	omri	5
zerah	paruah	6
zerah	zephaniah	5
zerahiah	bani	2
zichri	asa	3
zichri	berechiah	2
zichri	meshillemoth	3
zuph	adaiah	6
zuph	ahab	5
zuph	ahilud	6
zuph	ahitub	5
zuph	asa	6
zuph	asaph	4
zuph	azariah	3
zuph	baaseiah	8
zuph	baruch	6
zuph	berechiah	5
zuph	cushi	5
zuph	eliashib	5
zuph	hakkatan	5
zuph	hilkiah	4
zuph	hoshaiah	4
zuph	imri	7
zuph	jehallelel	4
zuph	jehoram	4
zuph	jehoshaphat	5
zuph	jeroham	2
zuph	jeshishai	8
zuph	joel	2
zuph	johanan	4
zuph	joiarib	7
zuph	kareah	5
zuph	kolaiah	6
zuph	maaseiah	5
zuph	meshillemoth	6
zuph	michael	7
zuph	nathan	4
zuph	neriah	7
zuph	obed	4
zuph	oded	4
zuph	omri	6
zuph	paruah	6
zuph	pedaiah	3
zuph	samuel	3
zuph	zadok	4
zuph	zephaniah	4
zuph	zichri	3
zuriel	huri	2
