date,commit,ctest_pass,ctest_total,asserts_pass,eval_resolved,eval_cases,eval_fp,qa_tp,qa_fp,qa_fn,qa_tn,lat_p50_ms,mem_probes_first,mem_probes_repeat
2026-09-23,fe7908e,85,94,762,12,25,0,14,4,3,11,1,6,0
2026-09-23,15fa1a4,86,97,785,12,25,0,14,4,3,11,2,6,0
2026-09-23,3ac663c,88,98,801,12,25,0,14,4,3,11,1,6,0
2026-09-23,37f0496,88,98,805,12,25,0,14,4,3,11,1,6,0
2026-09-23,b02b1a3,88,98,810,12,25,0,14,4,3,11,1,6,0
2026-09-23,ba61e56,88,98,814,12,25,0,14,4,3,11,1,6,0
2026-09-23,549d754,88,98,817,12,25,0,14,4,3,11,1,6,0
2026-09-23,005a47b,88,98,819,12,25,0,14,4,3,11,1,6,0
2026-09-23,6e9417d,88,98,822,12,25,0,14,4,3,11,2,6,0
