fecha,commit,suite_pass,suite_total,eval_pass,eval_total,hygiene_ok,lint_rows,lint_fixed,lint_dropped
2026-09-05,d741323,25,26,99,99,0,8931,157,2033
2026-09-05,d741323,26,26,99,99,1,6898,0,0
2026-09-05,09ca234,26,26,99,99,1,6898,0,0
2026-09-05,47c89b8,26,26,99,99,1,6898,0,0,6694,7454
2026-09-05,47c89b8,26,26,95,99,1,7273,0,0,7110,7788
2026-09-05,47c89b8,26,26,98,98,1,7273,0,0,7110,7788
2026-09-05,ba9b6b5,26,26,120,120,1,7899,0,0,7736,8288,0,10
2026-09-05,ba9b6b5,26,26,120,120,1,7899,0,0,7736,8288,0,10
2026-09-05,f14e4ca,26,26,120,120,1,6839,1,0,6695,6731,0,10
2026-09-05,ca3dadd,26,26,120,120,1,6839,0,0,6695,6731,0,10
